tcp-34670,rss00183_CI0205_ch400
tcp-35199,rss00183_CI0205_ch400
tcp-34468,rss00183_CI0205_ch400
GRP-smb,rss00183_CI0205_ch400
tcp-8443,rss00548_CI0425_prodige_test_pgsql
https,rss00548_CI0425_prodige_test_pgsql
tcp-8443,rss00547_CI0425_prodige_test
https,rss00547_CI0425_prodige_test
tcp-8443,rss00293_CI0425_prodige_app-1
https,rss00293_CI0425_prodige_app-1
tcp-8443,rss00288_CI0425_prodige_lb-2
https,rss00288_CI0425_prodige_lb-2
tcp-8443,rss00203_CI0425_prodige_pgsql
https,rss00203_CI0425_prodige_pgsql
tcp-8443,rss00287_CI0425_prodige_lb-1
https,rss00287_CI0425_prodige_lb-1
tcp-8443,rss00289_CI0425_prodige_ordonnanceur
https,rss00289_CI0425_prodige_ordonnanceur
tcp-8443,rss00294_CI0425_prodige_app-2
https,rss00294_CI0425_prodige_app-2
http-rev,rss00955_CI0419_qmatic
tcp-5443,rss00955_CI0419_qmatic
tcp-8443,rss00955_CI0419_qmatic
tcp-5900-rev,rss00955_CI0419_qmatic
tcp-8888,rss00955_CI0419_qmatic
tcp-3479-rev,rss00955_CI0419_qmatic
tcp-3478,rss00955_CI0419_qmatic
tcp-3478-rev,rss00955_CI0419_qmatic
tcp-18080,rss00955_CI0419_qmatic
tcp-8081,rss00955_CI0419_qmatic
tcp-18443,rss00955_CI0419_qmatic
tcp-3479,rss00955_CI0419_qmatic
udp-3470-3477,rss00955_CI0419_qmatic
udp-3478_3485,rss00955_CI0419_qmatic
tcp-3477_3485,rss00955_CI0419_qmatic
tcp-8080,rss00955_CI0419_qmatic
tcp-15672,kibana
tcp-9200,kibana
tcp-3000,kibana
udp-2055,kibana
udp-1514,kibana
tcp-1514,kibana
tcp-5601,kibana
udp-1515,kibana
tcp-1515,kibana
tcp-444,kibana
tcp-15672,grafana_elk
tcp-9200,grafana_elk
tcp-3000,grafana_elk
udp-2055,grafana_elk
udp-1514,grafana_elk
tcp-1514,grafana_elk
tcp-5601,grafana_elk
udp-1515,grafana_elk
tcp-1515,grafana_elk
tcp-444,grafana_elk
tcp-15672,rabbitmq-2
tcp-9200,rabbitmq-2
tcp-3000,rabbitmq-2
udp-2055,rabbitmq-2
udp-1514,rabbitmq-2
tcp-1514,rabbitmq-2
tcp-5601,rabbitmq-2
udp-1515,rabbitmq-2
tcp-1515,rabbitmq-2
tcp-444,rabbitmq-2
tcp-15672,rabbitmq-1
tcp-9200,rabbitmq-1
tcp-3000,rabbitmq-1
udp-2055,rabbitmq-1
udp-1514,rabbitmq-1
tcp-1514,rabbitmq-1
tcp-5601,rabbitmq-1
udp-1515,rabbitmq-1
tcp-1515,rabbitmq-1
tcp-444,rabbitmq-1
tcp-15672,logstash-shipper-1
tcp-9200,logstash-shipper-1
tcp-3000,logstash-shipper-1
udp-2055,logstash-shipper-1
udp-1514,logstash-shipper-1
tcp-1514,logstash-shipper-1
tcp-5601,logstash-shipper-1
udp-1515,logstash-shipper-1
tcp-1515,logstash-shipper-1
tcp-444,logstash-shipper-1
tcp-15672,logstash-shipper-2
tcp-9200,logstash-shipper-2
tcp-3000,logstash-shipper-2
udp-2055,logstash-shipper-2
udp-1514,logstash-shipper-2
tcp-1514,logstash-shipper-2
tcp-5601,logstash-shipper-2
udp-1515,logstash-shipper-2
tcp-1515,logstash-shipper-2
tcp-444,logstash-shipper-2
tcp-15672,logstash-tmp
tcp-9200,logstash-tmp
tcp-3000,logstash-tmp
udp-2055,logstash-tmp
udp-1514,logstash-tmp
tcp-1514,logstash-tmp
tcp-5601,logstash-tmp
udp-1515,logstash-tmp
tcp-1515,logstash-tmp
tcp-444,logstash-tmp
tcp-15672,logstash-olfeo
tcp-9200,logstash-olfeo
tcp-3000,logstash-olfeo
udp-2055,logstash-olfeo
udp-1514,logstash-olfeo
tcp-1514,logstash-olfeo
tcp-5601,logstash-olfeo
udp-1515,logstash-olfeo
tcp-1515,logstash-olfeo
tcp-444,logstash-olfeo
tcp-15672,elasticsearch-2
tcp-9200,elasticsearch-2
tcp-3000,elasticsearch-2
udp-2055,elasticsearch-2
udp-1514,elasticsearch-2
tcp-1514,elasticsearch-2
tcp-5601,elasticsearch-2
udp-1515,elasticsearch-2
tcp-1515,elasticsearch-2
tcp-444,elasticsearch-2
tcp-15672,elasticsearch-7
tcp-9200,elasticsearch-7
tcp-3000,elasticsearch-7
udp-2055,elasticsearch-7
udp-1514,elasticsearch-7
tcp-1514,elasticsearch-7
tcp-5601,elasticsearch-7
udp-1515,elasticsearch-7
tcp-1515,elasticsearch-7
tcp-444,elasticsearch-7
tcp-15672,elasticsearch-4
tcp-9200,elasticsearch-4
tcp-3000,elasticsearch-4
udp-2055,elasticsearch-4
udp-1514,elasticsearch-4
tcp-1514,elasticsearch-4
tcp-5601,elasticsearch-4
udp-1515,elasticsearch-4
tcp-1515,elasticsearch-4
tcp-444,elasticsearch-4
tcp-15672,elasticsearch-8
tcp-9200,elasticsearch-8
tcp-3000,elasticsearch-8
udp-2055,elasticsearch-8
udp-1514,elasticsearch-8
tcp-1514,elasticsearch-8
tcp-5601,elasticsearch-8
udp-1515,elasticsearch-8
tcp-1515,elasticsearch-8
tcp-444,elasticsearch-8
tcp-15672,elasticsearch-3
tcp-9200,elasticsearch-3
tcp-3000,elasticsearch-3
udp-2055,elasticsearch-3
udp-1514,elasticsearch-3
tcp-1514,elasticsearch-3
tcp-5601,elasticsearch-3
udp-1515,elasticsearch-3
tcp-1515,elasticsearch-3
tcp-444,elasticsearch-3
tcp-15672,elasticsearch-1
tcp-9200,elasticsearch-1
tcp-3000,elasticsearch-1
udp-2055,elasticsearch-1
udp-1514,elasticsearch-1
tcp-1514,elasticsearch-1
tcp-5601,elasticsearch-1
udp-1515,elasticsearch-1
tcp-1515,elasticsearch-1
tcp-444,elasticsearch-1
tcp-15672,elasticsearch-6
tcp-9200,elasticsearch-6
tcp-3000,elasticsearch-6
udp-2055,elasticsearch-6
udp-1514,elasticsearch-6
tcp-1514,elasticsearch-6
tcp-5601,elasticsearch-6
udp-1515,elasticsearch-6
tcp-1515,elasticsearch-6
tcp-444,elasticsearch-6
tcp-15672,elasticsearch-5
tcp-9200,elasticsearch-5
tcp-3000,elasticsearch-5
udp-2055,elasticsearch-5
udp-1514,elasticsearch-5
tcp-1514,elasticsearch-5
tcp-5601,elasticsearch-5
udp-1515,elasticsearch-5
tcp-1515,elasticsearch-5
tcp-444,elasticsearch-5
tcp-15672,zenlb-1
tcp-9200,zenlb-1
tcp-3000,zenlb-1
udp-2055,zenlb-1
udp-1514,zenlb-1
tcp-1514,zenlb-1
tcp-5601,zenlb-1
udp-1515,zenlb-1
tcp-1515,zenlb-1
tcp-444,zenlb-1
tcp-15672,zenlb-2
tcp-9200,zenlb-2
tcp-3000,zenlb-2
udp-2055,zenlb-2
udp-1514,zenlb-2
tcp-1514,zenlb-2
tcp-5601,zenlb-2
udp-1515,zenlb-2
tcp-1515,zenlb-2
tcp-444,zenlb-2
GRP-smb,rss00463_dreampasserelle
GRP-rpc-aleatoire,rss00463_dreampasserelle
GRP-smb,rss00374_dreampasserelle_reprise_donnees
GRP-rpc-aleatoire,rss00374_dreampasserelle_reprise_donnees
GRP-smb,rss00464_dreampasserelle
GRP-rpc-aleatoire,rss00464_dreampasserelle
GRP-smb,rss00094_dreampasserelle_test
GRP-rpc-aleatoire,rss00094_dreampasserelle_test
https,rss01071_storefrontlan
http,rss01071_storefrontlan
https,rss01072_storefrontlan
http,rss01072_storefrontlan
tcp-445,rss00552_CI0378_synapse_v5_oracle_test
tcp-445,rss00168_CI0378_synapse_teaching_files
tcp-445,rss00170_CI0378_synapse_https_wave
tcp-445,rss00169_CI0378_synapse_pacs_test
tcp-445,rss00352_CI0378_synapse_v5_oracle
tcp-445,rss00255_CI0378_synapse_v5_haproxy
tcp-445,rss00844_CI0378_synapse_v5_engine_dicom_hrd
tcp-445,rss00850_CI0378_synapse_v5_engine_dmz
tcp-445,rss00845_CI0378_synapse_v5_engine_dicom_hmb
tcp-445,rss00441_CI0378_synapse_v5_hiis_interfaces
tcp-445,rss00846_CI0378_synapse_v5_engine_dicom_amh
tcp-445,rss01032_CI0501_watchdoc_print1
tcp-5753,rss01032_CI0501_watchdoc_print1
https,rss01032_CI0501_watchdoc_print1
tcp-5754,rss01032_CI0501_watchdoc_print1
tcp-5752,rss01032_CI0501_watchdoc_print1
tcp-445,rss01034_CI0501_watchdoc_print3
tcp-5753,rss01034_CI0501_watchdoc_print3
https,rss01034_CI0501_watchdoc_print3
tcp-5754,rss01034_CI0501_watchdoc_print3
tcp-5752,rss01034_CI0501_watchdoc_print3
tcp-445,rss01033_CI0501_watchdoc_print2
tcp-5753,rss01033_CI0501_watchdoc_print2
https,rss01033_CI0501_watchdoc_print2
tcp-5754,rss01033_CI0501_watchdoc_print2
tcp-5752,rss01033_CI0501_watchdoc_print2
ftp-passive_50000-51000,rss00427_CI0175_sapanet
GRP-ftp,rss00427_CI0175_sapanet
http,rss00427_CI0175_sapanet
ftp-passive_50000-51000,rss00408_CI0175_sapanet_formation
GRP-ftp,rss00408_CI0175_sapanet_formation
http,rss00408_CI0175_sapanet_formation
https,sso-b1-usn_CI0165_imprivata
https,sso-b1-usn_CI0165_imprivata
tcp-81,sso-b1-usn_CI0165_imprivata
https,sso-l1-bc_CI0165_imprivata
https,sso-l1-bc_CI0165_imprivata
tcp-81,sso-l1-bc_CI0165_imprivata
tcp-104,rss00234_CI0329_cardioreport
tcp-104,rss00258_CI0329_cardioreport_test
http,rss00972_CI0693_omnicell_prod
https,rss00972_CI0693_omnicell_prod
GRP-smb,rss00972_CI0693_omnicell_prod
tcp-135,rss00972_CI0693_omnicell_prod
tcp-2103,rss00972_CI0693_omnicell_prod
tcp-990,rss00972_CI0693_omnicell_prod
udp-500,rss00972_CI0693_omnicell_prod
tcp-51,rss00972_CI0693_omnicell_prod
tcp-50,rss00972_CI0693_omnicell_prod
tcp-5000-5999,rss00972_CI0693_omnicell_prod
udp-1801,rss00972_CI0693_omnicell_prod
tcp-389,rss00972_CI0693_omnicell_prod
tcp-900,rss00972_CI0693_omnicell_prod
tcp-1801,rss00972_CI0693_omnicell_prod
GRP-ftp,rss00972_CI0693_omnicell_prod
udp-3527,rss00972_CI0693_omnicell_prod
tcp-2105,rss00972_CI0693_omnicell_prod
tcp-7071,rss00415_netscaler1_lan
imaps,rss00415_netscaler1_lan
tcp-9071,rss00415_netscaler1_lan
https,rss00415_netscaler1_lan
imap,rss00415_netscaler1_lan
pop,rss00415_netscaler1_lan
http,rss00415_netscaler1_lan
smtp,rss00415_netscaler1_lan
tcp-7071,rss00416_netscaler2_lan
imaps,rss00416_netscaler2_lan
tcp-9071,rss00416_netscaler2_lan
https,rss00416_netscaler2_lan
imap,rss00416_netscaler2_lan
pop,rss00416_netscaler2_lan
http,rss00416_netscaler2_lan
smtp,rss00416_netscaler2_lan
GRP-smb,rss00219_CI0099_sidexis
GRP-MSSQL,rss00219_CI0099_sidexis
tcp-3410,rss00219_CI0099_sidexis
udp-47808,rss00247_CI0202_panorama
udp-47809,rss00247_CI0202_panorama
udp-0,rss00247_CI0202_panorama
udp-47808,rss00249_CI0202_panorama
udp-47809,rss00249_CI0202_panorama
udp-0,rss00249_CI0202_panorama
udp-47808,rss00494_CI0202_panorama_labo
udp-47809,rss00494_CI0202_panorama_labo
udp-0,rss00494_CI0202_panorama_labo
udp-47808,rss00945_CI0202_panorama_divers
udp-47809,rss00945_CI0202_panorama_divers
udp-0,rss00945_CI0202_panorama_divers
udp-47808,rss00136_CI0202_Panorama
udp-47809,rss00136_CI0202_Panorama
udp-0,rss00136_CI0202_Panorama
udp-47808,rss00863_CI0202_Panorama
udp-47809,rss00863_CI0202_Panorama
udp-0,rss00863_CI0202_Panorama
udp-47808,rss00063_CI0202_Panorama
udp-47809,rss00063_CI0202_Panorama
udp-0,rss00063_CI0202_Panorama
udp-47808,rss00213_CI0202_panorama
udp-47809,rss00213_CI0202_panorama
udp-0,rss00213_CI0202_panorama
udp-47808,rss00560_CI0202_Panorama_test
udp-47809,rss00560_CI0202_Panorama_test
udp-0,rss00560_CI0202_Panorama_test
tcp-8080,rss00847_CI0337_dmp_enovacom_suite
tcp-8000,rss00847_CI0337_dmp_enovacom_suite
tcp-8443,rss00847_CI0337_dmp_enovacom_suite
GRP-smb,rss01054_CI0784_formeis_base
tcp-47001,rss00221_CI0284_infectio_maldi
tcp-8000-8007,rss00221_CI0284_infectio_maldi
tcp-3050,rss00221_CI0284_infectio_maldi
tcp-8501,rss00221_CI0284_infectio_maldi
tcp-2204,rss00221_CI0284_infectio_maldi
tcp-9000-9007,rss00221_CI0284_infectio_maldi
tcp-2202,rss00221_CI0284_infectio_maldi
tcp-8500,rss00221_CI0284_infectio_maldi
tcp-3217,rss00221_CI0284_infectio_maldi
tcp-8888,rss00221_CI0284_infectio_maldi
GRP-smb,rss00221_CI0284_infectio_maldi
tcp-10000,rss00221_CI0284_infectio_maldi
tcp-5900-rev,rss00221_CI0284_infectio_maldi
tcp-2102,rss00221_CI0284_infectio_maldi
tcp-47001,rss00221_CI0284_infectiomaldi
tcp-8000-8007,rss00221_CI0284_infectiomaldi
tcp-3050,rss00221_CI0284_infectiomaldi
tcp-8501,rss00221_CI0284_infectiomaldi
tcp-2204,rss00221_CI0284_infectiomaldi
tcp-9000-9007,rss00221_CI0284_infectiomaldi
tcp-2202,rss00221_CI0284_infectiomaldi
tcp-8500,rss00221_CI0284_infectiomaldi
tcp-3217,rss00221_CI0284_infectiomaldi
tcp-8888,rss00221_CI0284_infectiomaldi
GRP-smb,rss00221_CI0284_infectiomaldi
tcp-10000,rss00221_CI0284_infectiomaldi
tcp-5900-rev,rss00221_CI0284_infectiomaldi
tcp-2102,rss00221_CI0284_infectiomaldi
GRP-smb,rss00868_CI0359_logipren_prod
GRP-smb,rss00936_CI0359_logipren_dev_diane
GRP-smb,rss00869_CI0359_logipren_test
tcp-23,rss01056_CI0805_pti_blick_stanley
tcp-1471-1485,rss01056_CI0805_pti_blick_stanley
tcp-52050,rss00938_CI0197_metafer
tcp-33351,rss00938_CI0197_metafer
tcp-22350,rss00938_CI0197_metafer
tcp-445,rss00938_CI0197_metafer
tcp-54050,rss00938_CI0197_metafer
http,rss00334_CI0263_dks
https,rss00334_CI0263_dks
tcp-445,rss00507_CI0027_chimio_test_interfaces
GRP-MSSQL,rss00247_CI0202_panorama
GRP-MSSQL,rss00249_CI0202_panorama
GRP-MSSQL,rss00494_CI0202_panorama_labo
GRP-MSSQL,rss00945_CI0202_panorama_divers
GRP-MSSQL,rss00136_CI0202_Panorama
GRP-MSSQL,rss00863_CI0202_Panorama
GRP-MSSQL,rss00063_CI0202_Panorama
GRP-MSSQL,rss00213_CI0202_panorama
GRP-MSSQL,rss00560_CI0202_Panorama_test
tcp45182-45193,rss00134_CI0355_viewpoint
tcp-445,rss00134_CI0355_viewpoint
tcp-range,rss00134_CI0355_viewpoint
tcp-106,rss00134_CI0355_viewpoint
tcp45182-45193,rss00570_CI0355_viewpoint_test
tcp-445,rss00570_CI0355_viewpoint_test
tcp-range,rss00570_CI0355_viewpoint_test
tcp-106,rss00570_CI0355_viewpoint_test
tcp-1521,rss00564_oracle_chronos
tcp-1521,rss01172_oracle_chronos_noeud2
tcp-1521,rss01171_oracle_chronos_noeud1
tcp-1521,rss00322_oracle_chronos_noeud2
tcp-1521,rss00321_oracle_chronos_noeud1
https,rss00891_CI0501_watchdoc
tcp-50001,rss00891_CI0501_watchdoc
http,rss00891_CI0501_watchdoc
tcp-59158-59160,rss00891_CI0501_watchdoc
tcp-50003,rss00891_CI0501_watchdoc
tcp-6543,rss00052_CI0479_softalmo_prod_interfaces
tcp-9901,rss00052_CI0479_softalmo_prod_interfaces
tcp-6543,eps00017_CI0479_softalmo_interfaces
tcp-9901,eps00017_CI0479_softalmo_interfaces
tcp-6543,eps00016_CI0479_softalmo_test_interfaces
tcp-9901,eps00016_CI0479_softalmo_test_interfaces
tcp-6543,rss00524_CI0479_softalmo_test_interfaces
tcp-9901,rss00524_CI0479_softalmo_test_interfaces
tcp-4900,rss00017_CI0443_ramses
GRP-smb,rss00017_CI0443_ramses
tcp-2575,rss01052_CI0757_viewpoint_cardio
tcp-45173-45178,rss01052_CI0757_viewpoint_cardio
GRP-smb,rss01052_CI0757_viewpoint_cardio
tcp-105,rss01052_CI0757_viewpoint_cardio
tcp-45152-45173,rss01052_CI0757_viewpoint_cardio
tcp-104,rss01052_CI0757_viewpoint_cardio
https,rss01052_CI0757_viewpoint_cardio
syslog,zimbra_test_zimlet
tcp-7073,zimbra_test_zimlet
tcp-7071,zimbra_test_zimlet
tcp-8080,zimbra_test_zimlet
ssh,zimbra_test_zimlet
ldap,zimbra_test_zimlet
syslog,rss00068_CI0161_zimbra_store_2
tcp-7073,rss00068_CI0161_zimbra_store_2
tcp-7071,rss00068_CI0161_zimbra_store_2
tcp-8080,rss00068_CI0161_zimbra_store_2
ssh,rss00068_CI0161_zimbra_store_2
ldap,rss00068_CI0161_zimbra_store_2
syslog,rss00040_CI0161_zimbra_store_3
tcp-7073,rss00040_CI0161_zimbra_store_3
tcp-7071,rss00040_CI0161_zimbra_store_3
tcp-8080,rss00040_CI0161_zimbra_store_3
ssh,rss00040_CI0161_zimbra_store_3
ldap,rss00040_CI0161_zimbra_store_3
syslog,rss00067_CI0161_zimbra_store_1
tcp-7073,rss00067_CI0161_zimbra_store_1
tcp-7071,rss00067_CI0161_zimbra_store_1
tcp-8080,rss00067_CI0161_zimbra_store_1
ssh,rss00067_CI0161_zimbra_store_1
ldap,rss00067_CI0161_zimbra_store_1
syslog,rss00037_CI0161_zimbra_open
tcp-7073,rss00037_CI0161_zimbra_open
tcp-7071,rss00037_CI0161_zimbra_open
tcp-8080,rss00037_CI0161_zimbra_open
ssh,rss00037_CI0161_zimbra_open
ldap,rss00037_CI0161_zimbra_open
GRP-smb,rss00946_CI0606_scanlab
GRP-smb,rss00563_CI0144_diamic_passerelle_test
GRP-smb,rss00562_CI0144_diamic_impression_test
GRP-smb,rss00518_CI0144_diamic_test
http,eps00052_CI0781_Axoncare
https,eps00052_CI0781_Axoncare
tcp-445,AES_5_5.3_Stanley
tcp-445,rss00379_CI0441_CanDiD
tcp-445,rss00539_nginx_reverse_proxy_ijg
tcp-445,rss00476_CI0448_itsoluscope
tcp-445,rss00257_virtusosis_ascenseur
tcp-445,rss00264_virtuosis_adminascenseur_rfidpmb
tcp-445,rsm01410-admin
tcp-445,rss00043_syslog
tcp-445,rss00561_CI0378_synapse_v7_test
tcp-445,rss00155_iperf
tcp-445,rss00876_projeQtOr
tcp-445,sexigraf
tcp-445,coredns
tcp-445,parsedmarc
tcp-445,PAN_MigrationTool31
tcp-445,mig-scality
tcp-445,acitracker
tcp-445,rss00208_citrix_wem
tcp-445,rss00487_inlog_scanbac
tcp-445,rss00800_dell_data_protection_advisor
tcp-445,rss00488_dell_openmanage_enterprise
tcp-445,majise
tcp-445,rss00801_dell_data_protection_advisor_datastore
tcp-445,rss00072_alarme_pti
tcp-445,rss00394_web_services_nlb2
tcp-445,rss00107_adveez_controle_acces
tcp-445,rss00270_pki
tcp-445,rss00435_CI0608_aq-tools
tcp-445,rss00066_visio
tcp-445,rss00389_phrc
tcp-445,rss00460_CI0208_Intranet
tcp-445,rss00522_developpement_delphi
tcp-445,rss00358_noyausih
tcp-445,rss00035_CI0361_cglide_xmld_mysql
tcp-445,rss00455_CI0163_moodle
tcp-445,rss00128_openfire
tcp-445,rss00393_web_services_nlb1
tcp-445,rss00295_storefront_lan
tcp-445,rss00226_ph7
tcp-445,rss00038_teamfoundation_biztalk_source
tcp-445,rss00036_CI0361_cglide
tcp-445,rss00141_eventlog_collector
tcp-445,rss00081_CI0393_Titan_Replic
tcp-445,rss00108_cristalnet
tcp-445,rss00296_storefront_lan
tcp-445,rss00243_CI0116_winrest
tcp-445,eps00007_CI0340_winifsi
tcp-445,rss00143_CI0116_winrest_test
tcp-445,hypervtemp
tcp-445,rss00077_CI0361_cglide_test
tcp-445,rss00396_CI0163_moodle_test
tcp-445,mssante_centos
tcp-445,rss00537_nafama_reprise
tcp-445,erspan-ws
tcp-445,acitoolkit
tcp-445,ntopng
tcp-445,imapsync-u22
tcp-445,vmwconverter
tcp-445,imapsync
tcp-445,rss00554_CI0054_hemadialyse_theradom_demo
tcp-445,rss00516_test_ecps
tcp-445,mig-isilon
tcp-445,rss00046_winm9_a_conserver
tcp-445,rss00398_inlog_liaison_prod_1
tcp-445,rss00457_scanbac
tcp-445,winmigration
tcp-445,rss00384_insight_netscaler
tcp-445,rss00061_dhcp1
tcp-445,rss00060_dhcp1
tcp-445,cgs00001_inlog_liaison_prod
tcp-445,eps00004_inlog_liaison_prod
tcp-445,rss00398_inlog_liaison_prod1
tcp-445,rss00490_inlog_liaison_prod4
tcp-445,rss01019_inlog_liaison_prod_5
tcp-445,rss01047_inlog_liaison_3SI
tcp-445,rss00495_inlog_liaison_prod7
tcp-445,rss01020_inlog_liaison_prod_6
tcp-445,rss00484_inlog_liaison_prod2
tcp-445,rss01021_inlog_liaison_prod_8
tcp-445,rss00485_inlog_liaison_prod3
tcp-445,rss00375_inlog_liaison_test
http,rss00132_CI0390_pixipro
http,rss00139_CI0117_wms_magasins_generaux
tcp-9041,rss00032_CI0806_manageengine_mdm
tcp-3000,rss01038_dev
https,rss00538_CI0486_WordPress_test
http,rss00538_CI0486_WordPress_test
tcp-9093,rss01068_CI0815_braun_onlinesuiteplus
tcp-8443,rss01068_CI0815_braun_onlinesuiteplus
tcp-8444,rss00896_CI0004_keycloak
http-alt,rss00896_CI0004_keycloak
ssh,rss00082_CI0400_ql_prod
ssh,rss00082_ql_prod
ssh,rss00083_ql_test
ssh,rss00083_CI0400_ql_test
GRP-smb,rss00151_iws
tcp-104,rss00552_CI0378_synapse_v5_oracle_test
tcp-104,rss00168_CI0378_synapse_teaching_files
tcp-104,rss00170_CI0378_synapse_https_wave
tcp-104,rss00169_CI0378_synapse_pacs_test
tcp-104,rss00352_CI0378_synapse_v5_oracle
tcp-104,rss00255_CI0378_synapse_v5_haproxy
tcp-104,rss00844_CI0378_synapse_v5_engine_dicom_hrd
tcp-104,rss00850_CI0378_synapse_v5_engine_dmz
tcp-104,rss00845_CI0378_synapse_v5_engine_dicom_hmb
tcp-104,rss00441_CI0378_synapse_v5_hiis_interfaces
tcp-104,rss00846_CI0378_synapse_v5_engine_dicom_amh
https,rss00479_CI0544_wallix_bastion1
https,rss00480_CI0544_wallix_bastion2
tcp-8084,rss01035_CI0777_PyxisInventoryConnect
tcp-8083,rss01035_CI0777_PyxisInventoryConnect
tcp-8081,rss01035_CI0777_PyxisInventoryConnect
tcp-8082,rss01035_CI0777_PyxisInventoryConnect
tcp-8080,rss01035_CI0777_PyxisInventoryConnect
tcp-8181,rss01035_CI0777_PyxisInventoryConnect
tcp-powerbi,rss00963_CI0649_PowerBI_MSSQL
udp-1434,rss00963_CI0649_PowerBI_MSSQL
tcp-1434,rss00963_CI0649_PowerBI_MSSQL
tcp-powerbi,rss00545_CI0649_PowerBI_MSSQL_test
udp-1434,rss00545_CI0649_PowerBI_MSSQL_test
tcp-1434,rss00545_CI0649_PowerBI_MSSQL_test
tcp-445,rss00927_CI0578_winget
tcp-5432,rss00927_CI0578_winget
tcp-1521,rss01122_oracle_iws_noeud2
tcp-1521,rss00251_oracle_iws_noeud1
tcp-1521,rss01121_oracle_iws_noeud1
tcp-1521,rss00252_oracle_iws_noeud2
GRP-smb,rss00575_CI0019_Biztalk2020_Test
GRP-smb,rss00073_biztalk2016_test
https,rss00415_netscaler1_lan
tcp-11111,rss00415_netscaler1_lan
tcp-7779,rss00415_netscaler1_lan
tcp-808,rss00415_netscaler1_lan
tcp-8001,rss00415_netscaler1_lan
tcp-9000,rss00415_netscaler1_lan
tcp-12307-12308,rss00415_netscaler1_lan
http,rss00415_netscaler1_lan
tcp-8080,rss00415_netscaler1_lan
tcp-8000,rss00415_netscaler1_lan
https,rss00416_netscaler2_lan
tcp-11111,rss00416_netscaler2_lan
tcp-7779,rss00416_netscaler2_lan
tcp-808,rss00416_netscaler2_lan
tcp-8001,rss00416_netscaler2_lan
tcp-9000,rss00416_netscaler2_lan
tcp-12307-12308,rss00416_netscaler2_lan
http,rss00416_netscaler2_lan
tcp-8080,rss00416_netscaler2_lan
tcp-8000,rss00416_netscaler2_lan
tcp-7279,rss00042_citrix_inlog
tcp-27000,rss00042_citrix_inlog
tcp-7279,rss00667_citrix_inlog
tcp-27000,rss00667_citrix_inlog
tcp-7279,rss00707_citrix_inlog
tcp-27000,rss00707_citrix_inlog
tcp-7279,rss00407_citrix_deliverycontroller1
tcp-27000,rss00407_citrix_deliverycontroller1
tcp-7279,rss00029_citrix_inlog
tcp-27000,rss00029_citrix_inlog
tcp-7279,rss00002_citrix_formation
tcp-27000,rss00002_citrix_formation
tcp-7279,rss00245_citrix_deliverycontroller2
tcp-27000,rss00245_citrix_deliverycontroller2
tcp-7279,rss00668_citrixdatacollector
tcp-27000,rss00668_citrixdatacollector
tcp-7279,rss00724_citrix_inlog
tcp-27000,rss00724_citrix_inlog
tcp-7279,rss00003_citrix_IE11_test
tcp-27000,rss00003_citrix_IE11_test
tcp-7279,vm-mast-cerner
tcp-27000,vm-mast-cerner
tcp-7279,rss00003_citrix_dream_actes_test
tcp-27000,rss00003_citrix_dream_actes_test
tcp-7279,rss00991_citrix_licence
tcp-27000,rss00991_citrix_licence
MSSQL,rss01040_CI0779_poccelerator_mssql
udp-1434,rss01040_CI0779_poccelerator_mssql
tcp-3306,rss00948_CI0618_logosw
tcp-3306,rss00536_CI0618_logosw_test
MSSQL,rss00815_CI0493_virtuo_myla
tcp-4660,rss01041_CI0779_poccelerator_application
http,rss01041_CI0779_poccelerator_application
tcp-7016,rss01041_CI0779_poccelerator_application
tcp-5621,rss01041_CI0779_poccelerator_application
tcp-4661,rss01041_CI0779_poccelerator_application
tcp-5611,rss01041_CI0779_poccelerator_application
tcp-52222,rss01050_CI0790_zippsafe
tcp-135,rss00247_CI0202_panorama
GRP-rpc-aleatoire,rss00247_CI0202_panorama
tcp-135,rss00249_CI0202_panorama
GRP-rpc-aleatoire,rss00249_CI0202_panorama
tcp-135,rss00494_CI0202_panorama_labo
GRP-rpc-aleatoire,rss00494_CI0202_panorama_labo
tcp-135,rss00945_CI0202_panorama_divers
GRP-rpc-aleatoire,rss00945_CI0202_panorama_divers
tcp-135,rss00136_CI0202_Panorama
GRP-rpc-aleatoire,rss00136_CI0202_Panorama
tcp-135,rss00863_CI0202_Panorama
GRP-rpc-aleatoire,rss00863_CI0202_Panorama
tcp-135,rss00063_CI0202_Panorama
GRP-rpc-aleatoire,rss00063_CI0202_Panorama
tcp-135,rss00213_CI0202_panorama
GRP-rpc-aleatoire,rss00213_CI0202_panorama
tcp-135,rss00560_CI0202_Panorama_test
GRP-rpc-aleatoire,rss00560_CI0202_Panorama_test
tcp-50000_50050,rss00380_CI0722_DrugCam
GRP-ftp,rss00380_CI0722_DrugCam
tcp-50000_50050,rss00574_CI0722_DrugCam_test
GRP-ftp,rss00574_CI0722_DrugCam_test
tcp-81,rss01039_CI0772_Polytex
udp-80,rss01039_CI0772_Polytex
udp-81,rss01039_CI0772_Polytex
http,rss01039_CI0772_Polytex
http,rss00453_CI0248_pmb
http,rss00216_CI0248_pmb_test
tcp-9012,rss00923_CI0570_CareEvent2
http-alt,rss00923_CI0570_CareEvent2
tcp-5280,rss00923_CI0570_CareEvent2
tcp-5260,rss00923_CI0570_CareEvent2
tcp-3389,rss00923_CI0570_CareEvent2
tcp-9912,rss00923_CI0570_CareEvent2
http,rss00923_CI0570_CareEvent2
tcp-5261,rss00923_CI0570_CareEvent2
https,rss00923_CI0570_CareEvent2
tcp-9680,rss00234_CI0329_cardioreport
tcp-9680,rss00258_CI0329_cardioreport_test
https,rss00552_CI0378_synapse_v5_oracle_test
http,rss00552_CI0378_synapse_v5_oracle_test
tcp-9790,rss00552_CI0378_synapse_v5_oracle_test
tcp-9890,rss00552_CI0378_synapse_v5_oracle_test
tcp-9797,rss00552_CI0378_synapse_v5_oracle_test
https,rss00168_CI0378_synapse_teaching_files
http,rss00168_CI0378_synapse_teaching_files
tcp-9790,rss00168_CI0378_synapse_teaching_files
tcp-9890,rss00168_CI0378_synapse_teaching_files
tcp-9797,rss00168_CI0378_synapse_teaching_files
https,rss00170_CI0378_synapse_https_wave
http,rss00170_CI0378_synapse_https_wave
tcp-9790,rss00170_CI0378_synapse_https_wave
tcp-9890,rss00170_CI0378_synapse_https_wave
tcp-9797,rss00170_CI0378_synapse_https_wave
https,rss00169_CI0378_synapse_pacs_test
http,rss00169_CI0378_synapse_pacs_test
tcp-9790,rss00169_CI0378_synapse_pacs_test
tcp-9890,rss00169_CI0378_synapse_pacs_test
tcp-9797,rss00169_CI0378_synapse_pacs_test
https,rss00352_CI0378_synapse_v5_oracle
http,rss00352_CI0378_synapse_v5_oracle
tcp-9790,rss00352_CI0378_synapse_v5_oracle
tcp-9890,rss00352_CI0378_synapse_v5_oracle
tcp-9797,rss00352_CI0378_synapse_v5_oracle
https,rss00255_CI0378_synapse_v5_haproxy
http,rss00255_CI0378_synapse_v5_haproxy
tcp-9790,rss00255_CI0378_synapse_v5_haproxy
tcp-9890,rss00255_CI0378_synapse_v5_haproxy
tcp-9797,rss00255_CI0378_synapse_v5_haproxy
https,rss00844_CI0378_synapse_v5_engine_dicom_hrd
http,rss00844_CI0378_synapse_v5_engine_dicom_hrd
tcp-9790,rss00844_CI0378_synapse_v5_engine_dicom_hrd
tcp-9890,rss00844_CI0378_synapse_v5_engine_dicom_hrd
tcp-9797,rss00844_CI0378_synapse_v5_engine_dicom_hrd
https,rss00850_CI0378_synapse_v5_engine_dmz
http,rss00850_CI0378_synapse_v5_engine_dmz
tcp-9790,rss00850_CI0378_synapse_v5_engine_dmz
tcp-9890,rss00850_CI0378_synapse_v5_engine_dmz
tcp-9797,rss00850_CI0378_synapse_v5_engine_dmz
https,rss00845_CI0378_synapse_v5_engine_dicom_hmb
http,rss00845_CI0378_synapse_v5_engine_dicom_hmb
tcp-9790,rss00845_CI0378_synapse_v5_engine_dicom_hmb
tcp-9890,rss00845_CI0378_synapse_v5_engine_dicom_hmb
tcp-9797,rss00845_CI0378_synapse_v5_engine_dicom_hmb
https,rss00441_CI0378_synapse_v5_hiis_interfaces
http,rss00441_CI0378_synapse_v5_hiis_interfaces
tcp-9790,rss00441_CI0378_synapse_v5_hiis_interfaces
tcp-9890,rss00441_CI0378_synapse_v5_hiis_interfaces
tcp-9797,rss00441_CI0378_synapse_v5_hiis_interfaces
https,rss00846_CI0378_synapse_v5_engine_dicom_amh
http,rss00846_CI0378_synapse_v5_engine_dicom_amh
tcp-9790,rss00846_CI0378_synapse_v5_engine_dicom_amh
tcp-9890,rss00846_CI0378_synapse_v5_engine_dicom_amh
tcp-9797,rss00846_CI0378_synapse_v5_engine_dicom_amh
GRP-smb,rss00334_CI0263_dks
tcp-9200,rss00543_CI0503_elk_dev
tcp-9200,win10prokikan
tcp-81,rss00944_CI0643_IIAS_dev_1
http,rss00944_CI0643_IIAS_dev_1
https,rss00944_CI0643_IIAS_dev_1
tcp-81,rss00395_noyauSIH_GHT_230306_102251
http,rss00395_noyauSIH_GHT_230306_102251
https,rss00395_noyauSIH_GHT_230306_102251
tcp-81,rss00345_developpement
http,rss00345_developpement
https,rss00345_developpement
tcp-81,rss00835_rails_integration_continue
http,rss00835_rails_integration_continue
https,rss00835_rails_integration_continue
tcp-81,rss00882_CI0138_passerelle_ssh
http,rss00882_CI0138_passerelle_ssh
https,rss00882_CI0138_passerelle_ssh
tcp-81,rss00486_CI0223_ioda_rails
http,rss00486_CI0223_ioda_rails
https,rss00486_CI0223_ioda_rails
tcp-81,rss00456_rails_developpement_2
http,rss00456_rails_developpement_2
https,rss00456_rails_developpement_2
tcp-81,rss00442_noyauSIH_GHT_dev
http,rss00442_noyauSIH_GHT_dev
https,rss00442_noyauSIH_GHT_dev
tcp-81,pml00882_test_server_powershell
http,pml00882_test_server_powershell
https,pml00882_test_server_powershell
tcp-81,rss00971_rails_preprod_portail_formation_bdr
http,rss00971_rails_preprod_portail_formation_bdr
https,rss00971_rails_preprod_portail_formation_bdr
https,rss01074_citrix_deliverycontroller
http,rss01074_citrix_deliverycontroller
https,rss01073_citrix_deliverycontroller
http,rss01073_citrix_deliverycontroller
tcp-8082,rss00548_CI0425_prodige_test_pgsql
tcp-8443,rss00548_CI0425_prodige_test_pgsql
tcp-8080,rss00548_CI0425_prodige_test_pgsql
tcp-8090,rss00548_CI0425_prodige_test_pgsql
tcp-8082,rss00547_CI0425_prodige_test
tcp-8443,rss00547_CI0425_prodige_test
tcp-8080,rss00547_CI0425_prodige_test
tcp-8090,rss00547_CI0425_prodige_test
tcp-8082,rss00293_CI0425_prodige_app-1
tcp-8443,rss00293_CI0425_prodige_app-1
tcp-8080,rss00293_CI0425_prodige_app-1
tcp-8090,rss00293_CI0425_prodige_app-1
tcp-8082,rss00288_CI0425_prodige_lb-2
tcp-8443,rss00288_CI0425_prodige_lb-2
tcp-8080,rss00288_CI0425_prodige_lb-2
tcp-8090,rss00288_CI0425_prodige_lb-2
tcp-8082,rss00203_CI0425_prodige_pgsql
tcp-8443,rss00203_CI0425_prodige_pgsql
tcp-8080,rss00203_CI0425_prodige_pgsql
tcp-8090,rss00203_CI0425_prodige_pgsql
tcp-8082,rss00287_CI0425_prodige_lb-1
tcp-8443,rss00287_CI0425_prodige_lb-1
tcp-8080,rss00287_CI0425_prodige_lb-1
tcp-8090,rss00287_CI0425_prodige_lb-1
tcp-8082,rss00289_CI0425_prodige_ordonnanceur
tcp-8443,rss00289_CI0425_prodige_ordonnanceur
tcp-8080,rss00289_CI0425_prodige_ordonnanceur
tcp-8090,rss00289_CI0425_prodige_ordonnanceur
tcp-8082,rss00294_CI0425_prodige_app-2
tcp-8443,rss00294_CI0425_prodige_app-2
tcp-8080,rss00294_CI0425_prodige_app-2
tcp-8090,rss00294_CI0425_prodige_app-2
tcp-1024-4000,rss00395_noyauSIH_GHT_230306_102251
tcp-1024-4000,rss00345_developpement
tcp-1024-4000,rss00835_rails_integration_continue
tcp-1024-4000,rss00882_CI0138_passerelle_ssh
tcp-1024-4000,rss00486_CI0223_ioda_rails
tcp-1024-4000,rss00456_rails_developpement_2
tcp-1024-4000,rss00442_noyauSIH_GHT_dev
tcp-1024-4000,pml00882_test_server_powershell
GRP-smb,rss00123_CI0426_diane
https,rss00813_CI0524_ehop_prod_geoloc
tcp-8080,rss00813_CI0524_ehop_prod_geoloc
http,rss00813_CI0524_ehop_prod_geoloc
tcp-8000,rss00813_CI0524_ehop_prod_geoloc
tcp-8443,rss00813_CI0524_ehop_prod_geoloc
https,rss00983_CI0524_ehop_prod_win
tcp-8080,rss00983_CI0524_ehop_prod_win
http,rss00983_CI0524_ehop_prod_win
tcp-8000,rss00983_CI0524_ehop_prod_win
tcp-8443,rss00983_CI0524_ehop_prod_win
https,rss00814_CI0524_ehop_prod_eai
tcp-8080,rss00814_CI0524_ehop_prod_eai
http,rss00814_CI0524_ehop_prod_eai
tcp-8000,rss00814_CI0524_ehop_prod_eai
tcp-8443,rss00814_CI0524_ehop_prod_eai
https,rss00811_CI0524_ehop_prod_app
tcp-8080,rss00811_CI0524_ehop_prod_app
http,rss00811_CI0524_ehop_prod_app
tcp-8000,rss00811_CI0524_ehop_prod_app
tcp-8443,rss00811_CI0524_ehop_prod_app
https,rss00514_CI0524_ehop_test_eai
tcp-8080,rss00514_CI0524_ehop_test_eai
http,rss00514_CI0524_ehop_test_eai
tcp-8000,rss00514_CI0524_ehop_test_eai
tcp-8443,rss00514_CI0524_ehop_test_eai
https,rss00511_CI0524_ehop_test_app
tcp-8080,rss00511_CI0524_ehop_test_app
http,rss00511_CI0524_ehop_test_app
tcp-8000,rss00511_CI0524_ehop_test_app
tcp-8443,rss00511_CI0524_ehop_test_app
tcp-9200,rss01053_CI0232_dta3_elk
tcp-5601,rss01053_CI0232_dta3_elk
GRP-smb,rss00367_elearning_prd
tcp-5432,rss00367_elearning_prd
tcp-5152,rss00367_elearning_prd
GRP-smb,rss00368_elearning_test
tcp-5432,rss00368_elearning_test
tcp-5152,rss00368_elearning_test
rdp,rss00479_CI0544_wallix_bastion1
rdp,rss00480_CI0544_wallix_bastion2
http,rss00552_CI0378_synapse_v5_oracle_test
https,rss00552_CI0378_synapse_v5_oracle_test
http,rss00168_CI0378_synapse_teaching_files
https,rss00168_CI0378_synapse_teaching_files
http,rss00170_CI0378_synapse_https_wave
https,rss00170_CI0378_synapse_https_wave
http,rss00169_CI0378_synapse_pacs_test
https,rss00169_CI0378_synapse_pacs_test
http,rss00352_CI0378_synapse_v5_oracle
https,rss00352_CI0378_synapse_v5_oracle
http,rss00255_CI0378_synapse_v5_haproxy
https,rss00255_CI0378_synapse_v5_haproxy
http,rss00844_CI0378_synapse_v5_engine_dicom_hrd
https,rss00844_CI0378_synapse_v5_engine_dicom_hrd
http,rss00850_CI0378_synapse_v5_engine_dmz
https,rss00850_CI0378_synapse_v5_engine_dmz
http,rss00845_CI0378_synapse_v5_engine_dicom_hmb
https,rss00845_CI0378_synapse_v5_engine_dicom_hmb
http,rss00441_CI0378_synapse_v5_hiis_interfaces
https,rss00441_CI0378_synapse_v5_hiis_interfaces
http,rss00846_CI0378_synapse_v5_engine_dicom_amh
https,rss00846_CI0378_synapse_v5_engine_dicom_amh
any,rss00996_CI0604_ackermann_systevo_call
http,rss00212_emuco
mysql,rss00947_CI0596_copilote
http,rss00947_CI0596_copilote
mysql,rss01028_CI0596_copilote_arsenal
http,rss01028_CI0596_copilote_arsenal
mysql,rss00573_CI0596_copilote_test
http,rss00573_CI0596_copilote_test
tcp-2001,rss01039_CI0772_Polytex
udp-2000,rss01039_CI0772_Polytex
udp-2001,rss01039_CI0772_Polytex
tcp-2000,rss01039_CI0772_Polytex
https,rss00886_CI0374_cas
http,rss00886_CI0374_cas
https,rss00886_CI0374_cas_230306_102251
http,rss00886_CI0374_cas_230306_102251
https,rss00283_CI0459_web100t_applicatif
http,rss00283_CI0459_web100t_applicatif
https,rss00284_CI0459_web100t_interfaces
http,rss00284_CI0459_web100t_interfaces
https,rss00916_web100t_ght
http,rss00916_web100t_ght
https,rss00285_CI0459_web100t_traitement
http,rss00285_CI0459_web100t_traitement
https,rss00489_CI0459_web100t_test
http,rss00489_CI0459_web100t_test
https,rss00528_CI0459_web100t_recette
http,rss00528_CI0459_web100t_recette
GRP-smb,rss00008_CI0340_winifsi
tcp-4900,rss00008_CI0340_winifsi
GRP-smb,rss00954_CI0636_zap_prod
tcp-445,eps00031_CI0675_xplore_app
tcp-2201,eps00031_CI0675_xplore_app
tcp-2200,eps00031_CI0675_xplore_app
tcp-104,eps00037_CI0734_medinplus
tcp-104,rss00993_CI0734_medinplus
http,rss01038_dev
ssh,rss00479_CI0544_wallix_bastion1
ssh,rss00480_CI0544_wallix_bastion2
tcp-8081,rss00058_CI0027_pharma_chimio
http-alt,rss00058_CI0027_pharma_chimio
http,rss00058_CI0027_pharma_chimio
https,rss00058_CI0027_pharma_chimio
tcp-8081,rss00153_CI0027_chimio_pharma_web_prod
http-alt,rss00153_CI0027_chimio_pharma_web_prod
http,rss00153_CI0027_chimio_pharma_web_prod
https,rss00153_CI0027_chimio_pharma_web_prod
tcp-8081,rss00133_CI0027_chimio_pharma_test
http-alt,rss00133_CI0027_chimio_pharma_test
http,rss00133_CI0027_chimio_pharma_test
https,rss00133_CI0027_chimio_pharma_test
tcp-8081,rss00533_CI0027_chimio_pharma_web_test
http-alt,rss00533_CI0027_chimio_pharma_web_test
http,rss00533_CI0027_chimio_pharma_web_test
https,rss00533_CI0027_chimio_pharma_web_test
tcp-8081,rss00508_CI0293_pharma_test_web
http-alt,rss00508_CI0293_pharma_test_web
http,rss00508_CI0293_pharma_test_web
https,rss00508_CI0293_pharma_test_web
http,rss01024_CI0242_medifirst_amp
http,rss00589_CI0242_medifirst_amp_test
tcp-8089,rss00906_CI0549_valab
tcp-8080,rss00906_CI0549_valab
tcp-8090,rss00906_CI0549_valab
tcp-2110,rss00906_CI0549_valab
udp-8090,rss00906_CI0549_valab
udp-8089,rss00906_CI0549_valab
udp-8080,rss00906_CI0549_valab
udp-2110,rss00906_CI0549_valab
tcp-15000,rss00124_eai_biztalk_noeud1
tcp-15000,rss00125_eai_biztalk_noeud2
GRP-smb,rss00961_CI0635_intraqual _prod
https,rss00961_CI0635_intraqual _prod
GRP-smb,rss00962_CI0635_intraqual_dev_workflow
https,rss00962_CI0635_intraqual_dev_workflow
GRP-smb,rss00947_CI0596_copilote
GRP-smb,rss01028_CI0596_copilote_arsenal
GRP-smb,rss00573_CI0596_copilote_test
GRP-smb,rss00225_CI0054_hemadialyse
GRP-smb,rss00889_CI0054_hemadialyse_hemadom
GRP-smb,rss00265_CI0054_hemadialyse_test
http,rss00327_CI0028_chronos87_prod
http,rss00316_CI0028_chronos87_test
tcp-104,eps00031_CI0675_xplore_app
tcp-105,eps00031_CI0675_xplore_app
http,rss00497_CI0243_medifirst_genetics
http,rss00497_CI0243_medifirst_genetics_230503_091301
http,rss00238_CI0243_medifirst_genetics_test
tcp-1521,rss00231_oracle_dks
tcp-3000,rss00326_CI0440_medicad
tcp-8080,rts00001_easily_sql_prod
GRP-smb,rts00001_easily_sql_prod
tcp-8000,rts00001_easily_sql_prod
tcp-49154,rts00001_easily_sql_prod
tcp-8001,rts00001_easily_sql_prod
tcp-12307-12308,rts00001_easily_sql_prod
tcp-808,rts00001_easily_sql_prod
MSSQL,rts00001_easily_sql_prod
http,rts00001_easily_sql_prod
tcp-9000,rts00001_easily_sql_prod
tcp-4242,rts00001_easily_sql_prod
tcp-9111,rts00001_easily_sql_prod
https,rts00001_easily_sql_prod
tcp-8080,rts00003_easily_semantic_prod
GRP-smb,rts00003_easily_semantic_prod
tcp-8000,rts00003_easily_semantic_prod
tcp-49154,rts00003_easily_semantic_prod
tcp-8001,rts00003_easily_semantic_prod
tcp-12307-12308,rts00003_easily_semantic_prod
tcp-808,rts00003_easily_semantic_prod
MSSQL,rts00003_easily_semantic_prod
http,rts00003_easily_semantic_prod
tcp-9000,rts00003_easily_semantic_prod
tcp-4242,rts00003_easily_semantic_prod
tcp-9111,rts00003_easily_semantic_prod
https,rts00003_easily_semantic_prod
tcp-8080,rts00002_easily_applis_prod
GRP-smb,rts00002_easily_applis_prod
tcp-8000,rts00002_easily_applis_prod
tcp-49154,rts00002_easily_applis_prod
tcp-8001,rts00002_easily_applis_prod
tcp-12307-12308,rts00002_easily_applis_prod
tcp-808,rts00002_easily_applis_prod
MSSQL,rts00002_easily_applis_prod
http,rts00002_easily_applis_prod
tcp-9000,rts00002_easily_applis_prod
tcp-4242,rts00002_easily_applis_prod
tcp-9111,rts00002_easily_applis_prod
https,rts00002_easily_applis_prod
GRP-smb,rss00952_CI0394_ptah_optiale
GRP-smb,rss00089_CI0394_ptah
GRP-smb,rss00088_CI0394_ptah_test
tcp-4671_4677,rss00949_CI0620_T-doc
tcp-4685,rss00949_CI0620_T-doc
tcp-4682,rss00949_CI0620_T-doc
tcp-5095,rss00949_CI0620_T-doc
tcp-4681,rss00949_CI0620_T-doc
tcp-4683,rss00949_CI0620_T-doc
tcp-4680,rss00949_CI0620_T-doc
tcp-4679,rss00949_CI0620_T-doc
tcp-4678,rss00949_CI0620_T-doc
tcp-1521,rss00261_oracle_centaure15_noeud1
tcp-1521,rss00262_oracle_centaure15_noeud2
tcp-657,rss00438_ibm_vHMC
udp-657,rss00438_ibm_vHMC
ssh,rss00454_CI0739_dosilab
tcp-3010,rss00454_CI0739_dosilab
tcp-3001,rss00454_CI0739_dosilab
tcp-3306,rss00454_CI0739_dosilab
tcp-26002,rss01036_CI0759_Eurocare_OBM
tcp-26001,rss01036_CI0759_Eurocare_OBM
tcp-2382,rss00963_CI0649_PowerBI_MSSQL
any,rss00963_CI0649_PowerBI_MSSQL
tcp-2382,rss00545_CI0649_PowerBI_MSSQL_test
any,rss00545_CI0649_PowerBI_MSSQL_test
http,rss01048_CI0795_AGV_DSAutomotion
https,rss01048_CI0795_AGV_DSAutomotion
GRP-smb,rss00948_CI0618_logosw
GRP-smb,rss00536_CI0618_logosw_test
tcp-5432,rss00205_rails4_DTAExplorer
tcp-5432,rss00350_CI0232_dtaexplorer_pgsql
tcp-5432,rss00852_CI0232_dtaexplorer
tcp-5432,rss00211_postgresql
tcp-3180,rss00082_CI0400_ql_prod
tcp-3180,rss00082_ql_prod
tcp-3180,rss00083_ql_test
tcp-3180,rss00083_CI0400_ql_test
tcp-3306,rss00380_CI0722_DrugCam
tcp-3306,rss00574_CI0722_DrugCam_test
pops,zimbra_test_zimlet
imaps,zimbra_test_zimlet
imap,zimbra_test_zimlet
pop,zimbra_test_zimlet
pops,rss00068_CI0161_zimbra_store_2
imaps,rss00068_CI0161_zimbra_store_2
imap,rss00068_CI0161_zimbra_store_2
pop,rss00068_CI0161_zimbra_store_2
pops,rss00040_CI0161_zimbra_store_3
imaps,rss00040_CI0161_zimbra_store_3
imap,rss00040_CI0161_zimbra_store_3
pop,rss00040_CI0161_zimbra_store_3
pops,rss00067_CI0161_zimbra_store_1
imaps,rss00067_CI0161_zimbra_store_1
imap,rss00067_CI0161_zimbra_store_1
pop,rss00067_CI0161_zimbra_store_1
pops,rss00037_CI0161_zimbra_open
imaps,rss00037_CI0161_zimbra_open
imap,rss00037_CI0161_zimbra_open
pop,rss00037_CI0161_zimbra_open
https,rss00970_CI0028_chronos10_prod
GRP-smb,rss00970_CI0028_chronos10_prod
https,rss00565_CI0028_chronos10_test
GRP-smb,rss00565_CI0028_chronos10_test
tcp-1625,rss00899_CI0541_molacterium_prod
tcp-56789,rss00899_CI0541_molacterium_prod
tcp-1625,rss00902_CI0541_molactarium_win
tcp-56789,rss00902_CI0541_molactarium_win
tcp-1625,rss00553_CI0541_molacterium_test
tcp-56789,rss00553_CI0541_molacterium_test
GRP-rpc-aleatoire,rss00011_citrix_administration
tcp-23726,rss00011_citrix_administration
GRP-rpc-aleatoire,rss01018_citrix_wem
tcp-23726,rss01018_citrix_wem
GRP-rpc-aleatoire,vm-mast-2019
tcp-23726,vm-mast-2019
GRP-rpc-aleatoire,rss00003_citrix_test
tcp-23726,rss00003_citrix_test
ftp-passive,rss00193_CI0385_hmste_c2617-sclite
ftp-data-rev,rss00193_CI0385_hmste_c2617-sclite
ftp,rss00193_CI0385_hmste_c2617-sclite
ftp-passive,rss00184_CI0385_hmste_c2617-am1
ftp-data-rev,rss00184_CI0385_hmste_c2617-am1
ftp,rss00184_CI0385_hmste_c2617-am1
ftp-passive,rss00189_CI0385_hmste_apacheftp
ftp-data-rev,rss00189_CI0385_hmste_apacheftp
ftp,rss00189_CI0385_hmste_apacheftp
ftp-passive,rss00188_CI0385_hmste_collecte
ftp-data-rev,rss00188_CI0385_hmste_collecte
ftp,rss00188_CI0385_hmste_collecte
ftp-passive,rss00187_CI0385_hmste_c2617-amf
ftp-data-rev,rss00187_CI0385_hmste_c2617-amf
ftp,rss00187_CI0385_hmste_c2617-amf
ftp-passive,rss00185_CI0385_hmste_c2617-am2
ftp-data-rev,rss00185_CI0385_hmste_c2617-am2
ftp,rss00185_CI0385_hmste_c2617-am2
ftp-passive,rss00186_CI0385_hmste_c2617-amq
ftp-data-rev,rss00186_CI0385_hmste_c2617-amq
ftp,rss00186_CI0385_hmste_c2617-amq
tcp-8081,rss00064_CI0366_tumorotek
tcp-8081,rss00064_CI0366_tumorotek_220908_143428
tcp-8081,rss00047_CI0366_tumorotek_test
tcp-12443,rss00438_ibm_vHMC
tcp-9960,rss00438_ibm_vHMC
https,rss00438_ibm_vHMC
GRP-smb,rss00247_CI0202_panorama
GRP-smb,rss00249_CI0202_panorama
GRP-smb,rss00494_CI0202_panorama_labo
GRP-smb,rss00945_CI0202_panorama_divers
GRP-smb,rss00136_CI0202_Panorama
GRP-smb,rss00863_CI0202_Panorama
GRP-smb,rss00063_CI0202_Panorama
GRP-smb,rss00213_CI0202_panorama
GRP-smb,rss00560_CI0202_Panorama_test
GRP-smb,rss00042_citrix_inlog
GRP-smb,rss00667_citrix_inlog
GRP-smb,rss00707_citrix_inlog
GRP-smb,rss00407_citrix_deliverycontroller1
GRP-smb,rss00029_citrix_inlog
GRP-smb,rss00002_citrix_formation
GRP-smb,rss00245_citrix_deliverycontroller2
GRP-smb,rss00668_citrixdatacollector
GRP-smb,rss00724_citrix_inlog
GRP-smb,rss00003_citrix_IE11_test
GRP-smb,vm-mast-cerner
GRP-smb,rss00003_citrix_dream_actes_test
GRP-smb,rss00011_citrix_administration
GRP-smb,rss01018_citrix_wem
GRP-smb,vm-mast-2019
GRP-smb,rss00003_citrix_test
tcp-8083,rss00991_citrix_licence
GRP-ftp,rss00805_webservices_nlb1
GRP-ftp,rss00806_webservices_nlb2
GRP-smb,rss00956_CI0702_Datamento
http,eps00028_CI0199_Appli_rdp
GRP-smb,eps00028_CI0199_Appli_rdp
udp-2638,eps00028_CI0199_Appli_rdp
tcp-2638,eps00028_CI0199_Appli_rdp
tcp-3389,eps00028_CI0199_Appli_rdp
udp-24010,eps00028_CI0199_Appli_rdp
tcp-24010,eps00028_CI0199_Appli_rdp
udp-24005,eps00028_CI0199_Appli_rdp
tcp-24005,eps00028_CI0199_Appli_rdp
GRP-smb,rss00898_CI0016_assetplus
tcp-8443,rss00898_CI0016_assetplus
tcp-8080,rss00898_CI0016_assetplus
GRP-smb,rss00534_CI0016_assetplus_test
tcp-8443,rss00534_CI0016_assetplus_test
tcp-8080,rss00534_CI0016_assetplus_test
http,rss00815_CI0493_virtuo_myla
https,rss00815_CI0493_virtuo_myla
ftp-passive,ays00001_CI0216_newac
GRP-ftp,ays00001_CI0216_newac
tcp-104,rss00028_CI0356_dacs_rdm_dosimetrie
Oracle-1521,rss00102_oracle_venus_noeud2
Oracle-1521,rss00101_oracle_venus_noeud1
http,rss00225_CI0054_hemadialyse
http,rss00889_CI0054_hemadialyse_hemadom
http,rss00265_CI0054_hemadialyse_test
tcp-8080,rss00995_CI0713_girw220
http,rss00995_CI0713_girw220
https,rss00995_CI0713_girw220
tcp-10100,rss01048_CI0795_AGV_DSAutomotion
tcp-502,rss01048_CI0795_AGV_DSAutomotion
GRP-smb,rss00425_workstation_mipih
tcp-8090,rss00548_CI0425_prodige_test_pgsql
tcp-8090,rss00547_CI0425_prodige_test
tcp-8090,rss00293_CI0425_prodige_app-1
tcp-8090,rss00288_CI0425_prodige_lb-2
tcp-8090,rss00203_CI0425_prodige_pgsql
tcp-8090,rss00287_CI0425_prodige_lb-1
tcp-8090,rss00289_CI0425_prodige_ordonnanceur
tcp-8090,rss00294_CI0425_prodige_app-2
http,rss00803_CI0483_nuance_dms2
http,rss00802_CI0483_nuance_dms1
http,rss00804_CI0483_nuance_nms
GRP-smb,na7150dc_acteschu
GRP-rpc-aleatoire,na7150dc_acteschu
GRP-smb,kikan-actesgip
GRP-rpc-aleatoire,kikan-actesgip
GRP-smb,rss00452_actestest
GRP-rpc-aleatoire,rss00452_actestest
GRP-smb,rss00074_serveurrecettage
GRP-rpc-aleatoire,rss00074_serveurrecettage
tcp-1310,rss00353_CI0458_media4display
tcp-1311,rss00353_CI0458_media4display
tcp-1300,rss00353_CI0458_media4display
https,rss00353_CI0458_media4display
tcp-1325,rss00353_CI0458_media4display
http,rss00353_CI0458_media4display
tcp-1315,rss00353_CI0458_media4display
GRP-smb,rss00052_CI0479_softalmo_prod_interfaces
GRP-smb,eps00017_CI0479_softalmo_interfaces
GRP-smb,eps00016_CI0479_softalmo_test_interfaces
GRP-smb,rss00524_CI0479_softalmo_test_interfaces
https,rss00874_CI0525_burlodge
http,rss00874_CI0525_burlodge
https,rss00207_gitlab
http,rss00207_gitlab
ssh,rss00207_gitlab
tcp-87,ght00001_CI0040_eMagh2_GHT_prod
tcp-13201,ght00001_CI0040_eMagh2_GHT_prod
tcp-13290,ght00001_CI0040_eMagh2_GHT_prod
tcp-23201,ght00001_CI0040_eMagh2_GHT_prod
tcp-23101,ght00001_CI0040_eMagh2_GHT_prod
tcp-13101,ght00001_CI0040_eMagh2_GHT_prod
tcp-86,ght00001_CI0040_eMagh2_GHT_prod
tcp-13190,ght00001_CI0040_eMagh2_GHT_prod
tcp-87,ght00002_CI0040_eMagh2_GHT_test
tcp-13201,ght00002_CI0040_eMagh2_GHT_test
tcp-13290,ght00002_CI0040_eMagh2_GHT_test
tcp-23201,ght00002_CI0040_eMagh2_GHT_test
tcp-23101,ght00002_CI0040_eMagh2_GHT_test
tcp-13101,ght00002_CI0040_eMagh2_GHT_test
tcp-86,ght00002_CI0040_eMagh2_GHT_test
tcp-13190,ght00002_CI0040_eMagh2_GHT_test
Oracle-1521,rss00546_oracle_urqual_test_v8
Oracle-1521,rss01142_oracle_inlog_noeud2
Oracle-1521,rss01151_oracle_diane_noeud1
Oracle-1521,rss01063_oracle_web100t_eds
Oracle-1521,rss01064_oracle_pastel_eds
Oracle-1521,rss01152_oracle_diane_noeud2
Oracle-1521,rss01141_oracle_inlog_noeud1
Oracle-1521,rss00559_oracle_diane_logipren
Oracle-1521,rss00549_oracle_diane_form
Oracle-1521,rss00121_oracle_diane_noeud1
Oracle-1521,rss00122_oracle_diane_noeud2
tcp-13101,rss00137_CI0154_spacelabs_ics
MSSQL,rss00137_CI0154_spacelabs_ics
GRP-rpc-aleatoire,rss00452_actestest
GRP-smb,rss00452_actestest
GRP-rpc-aleatoire,rss00074_serveurrecettage
GRP-smb,rss00074_serveurrecettage
GRP-rpc-aleatoire,rss00466_CI0029_clovis
GRP-smb,rss00466_CI0029_clovis
tcp-9999,rss00104_CI0377_venus_interfaces_new
tcp-11107,rss00104_CI0377_venus_interfaces_new
tcp-9999,rss00104_CI0377_venus_interfaces_new
tcp-9999,rss00103_CI0377_venus_application_new
tcp-11107,rss00103_CI0377_venus_application_new
tcp-9999,rss00103_CI0377_venus_application_new
tcp-9999,rss00103_CI0377_venus_application
tcp-11107,rss00103_CI0377_venus_application
tcp-9999,rss00103_CI0377_venus_application
tcp-9999,rss00104_CI0377_venus_interfaces
tcp-11107,rss00104_CI0377_venus_interfaces
tcp-9999,rss00104_CI0377_venus_interfaces
tcp-9999,rss00110_CI0377_venus_interfaces_test
tcp-11107,rss00110_CI0377_venus_interfaces_test
tcp-9999,rss00110_CI0377_venus_interfaces_test
tcp-9999,rss00109_CI0377_venus_application_test
tcp-11107,rss00109_CI0377_venus_application_test
tcp-9999,rss00109_CI0377_venus_application_test
tcp-3279,rss00395_noyauSIH_GHT_230306_102251
tcp-3279,rss00345_developpement
tcp-3279,rss00835_rails_integration_continue
tcp-3279,rss00882_CI0138_passerelle_ssh
tcp-3279,rss00486_CI0223_ioda_rails
tcp-3279,rss00456_rails_developpement_2
tcp-3279,rss00442_noyauSIH_GHT_dev
tcp-3279,pml00882_test_server_powershell
radius-acct,rss00448_CI0411_radius-2
radius,rss00448_CI0411_radius-2
radius-acct,rss00447_CI0411_radius-1
radius,rss00447_CI0411_radius-1
GRP-rpc-aleatoire,rss00452_actestest
GRP-smb,rss00452_actestest
GRP-rpc-aleatoire,rss00074_serveurrecettage
GRP-smb,rss00074_serveurrecettage
GRP-rpc-aleatoire,rss00465_archimed
GRP-smb,rss00465_archimed
GRP-smb,rss00395_noyauSIH_GHT
tcp-3050,rss00176_CI0417_medilog_darwin
https,ays00001_CI0216_newac
http,ays00001_CI0216_newac
GRP-smb,ays00001_CI0216_newac
https,rss00014_newac
http,rss00014_newac
GRP-smb,rss00014_newac
https,rss00253_CI0216_newac
http,rss00253_CI0216_newac
GRP-smb,rss00253_CI0216_newac
https,rss00404_CI0216_newac
http,rss00404_CI0216_newac
GRP-smb,rss00404_CI0216_newac
https,rss00931_CI0594_ereva
http,rss00931_CI0594_ereva
Automate,rss00086_CI0429_aqure
GRP-smb,rss00086_CI0429_aqure
tcp-9338,rss00086_CI0429_aqure
tcp-8888,rss00868_CI0359_logipren_prod
https,rss00868_CI0359_logipren_prod
http,rss00868_CI0359_logipren_prod
tcp-8888,rss00936_CI0359_logipren_dev_diane
https,rss00936_CI0359_logipren_dev_diane
http,rss00936_CI0359_logipren_dev_diane
tcp-8888,rss00869_CI0359_logipren_test
https,rss00869_CI0359_logipren_test
http,rss00869_CI0359_logipren_test
ntp,rss00815_CI0493_virtuo_myla
tcp-29000,ave-usn_CI0410_avamar_ve_usn
tcp-27000,ave-usn_CI0410_avamar_ve_usn
tcp-30003,ave-usn_CI0410_avamar_ve_usn
tcp-30001,ave-usn_CI0410_avamar_ve_usn
tcp-28009,ave-usn_CI0410_avamar_ve_usn
tcp-30102-30109,ave-usn_CI0410_avamar_ve_usn
tcp-28001,ave-usn_CI0410_avamar_ve_usn
https,ave-usn_CI0410_avamar_ve_usn
avamar-nas,ave-usn_CI0410_avamar_ve_usn
tcp-29000,rss00072_alarme_pti
tcp-27000,rss00072_alarme_pti
tcp-30003,rss00072_alarme_pti
tcp-30001,rss00072_alarme_pti
tcp-28009,rss00072_alarme_pti
tcp-30102-30109,rss00072_alarme_pti
tcp-28001,rss00072_alarme_pti
https,rss00072_alarme_pti
avamar-nas,rss00072_alarme_pti
tcp-29000,rss00394_web_services_nlb2
tcp-27000,rss00394_web_services_nlb2
tcp-30003,rss00394_web_services_nlb2
tcp-30001,rss00394_web_services_nlb2
tcp-28009,rss00394_web_services_nlb2
tcp-30102-30109,rss00394_web_services_nlb2
tcp-28001,rss00394_web_services_nlb2
https,rss00394_web_services_nlb2
avamar-nas,rss00394_web_services_nlb2
tcp-29000,rss00107_adveez_controle_acces
tcp-27000,rss00107_adveez_controle_acces
tcp-30003,rss00107_adveez_controle_acces
tcp-30001,rss00107_adveez_controle_acces
tcp-28009,rss00107_adveez_controle_acces
tcp-30102-30109,rss00107_adveez_controle_acces
tcp-28001,rss00107_adveez_controle_acces
https,rss00107_adveez_controle_acces
avamar-nas,rss00107_adveez_controle_acces
tcp-29000,rss00270_pki
tcp-27000,rss00270_pki
tcp-30003,rss00270_pki
tcp-30001,rss00270_pki
tcp-28009,rss00270_pki
tcp-30102-30109,rss00270_pki
tcp-28001,rss00270_pki
https,rss00270_pki
avamar-nas,rss00270_pki
tcp-29000,rss00435_CI0608_aq-tools
tcp-27000,rss00435_CI0608_aq-tools
tcp-30003,rss00435_CI0608_aq-tools
tcp-30001,rss00435_CI0608_aq-tools
tcp-28009,rss00435_CI0608_aq-tools
tcp-30102-30109,rss00435_CI0608_aq-tools
tcp-28001,rss00435_CI0608_aq-tools
https,rss00435_CI0608_aq-tools
avamar-nas,rss00435_CI0608_aq-tools
tcp-29000,rss00066_visio
tcp-27000,rss00066_visio
tcp-30003,rss00066_visio
tcp-30001,rss00066_visio
tcp-28009,rss00066_visio
tcp-30102-30109,rss00066_visio
tcp-28001,rss00066_visio
https,rss00066_visio
avamar-nas,rss00066_visio
tcp-29000,rss00389_phrc
tcp-27000,rss00389_phrc
tcp-30003,rss00389_phrc
tcp-30001,rss00389_phrc
tcp-28009,rss00389_phrc
tcp-30102-30109,rss00389_phrc
tcp-28001,rss00389_phrc
https,rss00389_phrc
avamar-nas,rss00389_phrc
tcp-29000,rss00460_CI0208_Intranet
tcp-27000,rss00460_CI0208_Intranet
tcp-30003,rss00460_CI0208_Intranet
tcp-30001,rss00460_CI0208_Intranet
tcp-28009,rss00460_CI0208_Intranet
tcp-30102-30109,rss00460_CI0208_Intranet
tcp-28001,rss00460_CI0208_Intranet
https,rss00460_CI0208_Intranet
avamar-nas,rss00460_CI0208_Intranet
tcp-29000,rss00522_developpement_delphi
tcp-27000,rss00522_developpement_delphi
tcp-30003,rss00522_developpement_delphi
tcp-30001,rss00522_developpement_delphi
tcp-28009,rss00522_developpement_delphi
tcp-30102-30109,rss00522_developpement_delphi
tcp-28001,rss00522_developpement_delphi
https,rss00522_developpement_delphi
avamar-nas,rss00522_developpement_delphi
tcp-29000,rss00358_noyausih
tcp-27000,rss00358_noyausih
tcp-30003,rss00358_noyausih
tcp-30001,rss00358_noyausih
tcp-28009,rss00358_noyausih
tcp-30102-30109,rss00358_noyausih
tcp-28001,rss00358_noyausih
https,rss00358_noyausih
avamar-nas,rss00358_noyausih
tcp-29000,rss00035_CI0361_cglide_xmld_mysql
tcp-27000,rss00035_CI0361_cglide_xmld_mysql
tcp-30003,rss00035_CI0361_cglide_xmld_mysql
tcp-30001,rss00035_CI0361_cglide_xmld_mysql
tcp-28009,rss00035_CI0361_cglide_xmld_mysql
tcp-30102-30109,rss00035_CI0361_cglide_xmld_mysql
tcp-28001,rss00035_CI0361_cglide_xmld_mysql
https,rss00035_CI0361_cglide_xmld_mysql
avamar-nas,rss00035_CI0361_cglide_xmld_mysql
tcp-29000,rss00455_CI0163_moodle
tcp-27000,rss00455_CI0163_moodle
tcp-30003,rss00455_CI0163_moodle
tcp-30001,rss00455_CI0163_moodle
tcp-28009,rss00455_CI0163_moodle
tcp-30102-30109,rss00455_CI0163_moodle
tcp-28001,rss00455_CI0163_moodle
https,rss00455_CI0163_moodle
avamar-nas,rss00455_CI0163_moodle
tcp-29000,rss00128_openfire
tcp-27000,rss00128_openfire
tcp-30003,rss00128_openfire
tcp-30001,rss00128_openfire
tcp-28009,rss00128_openfire
tcp-30102-30109,rss00128_openfire
tcp-28001,rss00128_openfire
https,rss00128_openfire
avamar-nas,rss00128_openfire
tcp-29000,rss00393_web_services_nlb1
tcp-27000,rss00393_web_services_nlb1
tcp-30003,rss00393_web_services_nlb1
tcp-30001,rss00393_web_services_nlb1
tcp-28009,rss00393_web_services_nlb1
tcp-30102-30109,rss00393_web_services_nlb1
tcp-28001,rss00393_web_services_nlb1
https,rss00393_web_services_nlb1
avamar-nas,rss00393_web_services_nlb1
tcp-29000,rss00295_storefront_lan
tcp-27000,rss00295_storefront_lan
tcp-30003,rss00295_storefront_lan
tcp-30001,rss00295_storefront_lan
tcp-28009,rss00295_storefront_lan
tcp-30102-30109,rss00295_storefront_lan
tcp-28001,rss00295_storefront_lan
https,rss00295_storefront_lan
avamar-nas,rss00295_storefront_lan
tcp-29000,rss00226_ph7
tcp-27000,rss00226_ph7
tcp-30003,rss00226_ph7
tcp-30001,rss00226_ph7
tcp-28009,rss00226_ph7
tcp-30102-30109,rss00226_ph7
tcp-28001,rss00226_ph7
https,rss00226_ph7
avamar-nas,rss00226_ph7
tcp-29000,rss00038_teamfoundation_biztalk_source
tcp-27000,rss00038_teamfoundation_biztalk_source
tcp-30003,rss00038_teamfoundation_biztalk_source
tcp-30001,rss00038_teamfoundation_biztalk_source
tcp-28009,rss00038_teamfoundation_biztalk_source
tcp-30102-30109,rss00038_teamfoundation_biztalk_source
tcp-28001,rss00038_teamfoundation_biztalk_source
https,rss00038_teamfoundation_biztalk_source
avamar-nas,rss00038_teamfoundation_biztalk_source
tcp-29000,rss00036_CI0361_cglide
tcp-27000,rss00036_CI0361_cglide
tcp-30003,rss00036_CI0361_cglide
tcp-30001,rss00036_CI0361_cglide
tcp-28009,rss00036_CI0361_cglide
tcp-30102-30109,rss00036_CI0361_cglide
tcp-28001,rss00036_CI0361_cglide
https,rss00036_CI0361_cglide
avamar-nas,rss00036_CI0361_cglide
tcp-29000,rss00141_eventlog_collector
tcp-27000,rss00141_eventlog_collector
tcp-30003,rss00141_eventlog_collector
tcp-30001,rss00141_eventlog_collector
tcp-28009,rss00141_eventlog_collector
tcp-30102-30109,rss00141_eventlog_collector
tcp-28001,rss00141_eventlog_collector
https,rss00141_eventlog_collector
avamar-nas,rss00141_eventlog_collector
tcp-29000,rss00081_CI0393_Titan_Replic
tcp-27000,rss00081_CI0393_Titan_Replic
tcp-30003,rss00081_CI0393_Titan_Replic
tcp-30001,rss00081_CI0393_Titan_Replic
tcp-28009,rss00081_CI0393_Titan_Replic
tcp-30102-30109,rss00081_CI0393_Titan_Replic
tcp-28001,rss00081_CI0393_Titan_Replic
https,rss00081_CI0393_Titan_Replic
avamar-nas,rss00081_CI0393_Titan_Replic
tcp-29000,rss00108_cristalnet
tcp-27000,rss00108_cristalnet
tcp-30003,rss00108_cristalnet
tcp-30001,rss00108_cristalnet
tcp-28009,rss00108_cristalnet
tcp-30102-30109,rss00108_cristalnet
tcp-28001,rss00108_cristalnet
https,rss00108_cristalnet
avamar-nas,rss00108_cristalnet
tcp-29000,rss00296_storefront_lan
tcp-27000,rss00296_storefront_lan
tcp-30003,rss00296_storefront_lan
tcp-30001,rss00296_storefront_lan
tcp-28009,rss00296_storefront_lan
tcp-30102-30109,rss00296_storefront_lan
tcp-28001,rss00296_storefront_lan
https,rss00296_storefront_lan
avamar-nas,rss00296_storefront_lan
tcp-29000,rss00243_CI0116_winrest
tcp-27000,rss00243_CI0116_winrest
tcp-30003,rss00243_CI0116_winrest
tcp-30001,rss00243_CI0116_winrest
tcp-28009,rss00243_CI0116_winrest
tcp-30102-30109,rss00243_CI0116_winrest
tcp-28001,rss00243_CI0116_winrest
https,rss00243_CI0116_winrest
avamar-nas,rss00243_CI0116_winrest
tcp-29000,eps00007_CI0340_winifsi
tcp-27000,eps00007_CI0340_winifsi
tcp-30003,eps00007_CI0340_winifsi
tcp-30001,eps00007_CI0340_winifsi
tcp-28009,eps00007_CI0340_winifsi
tcp-30102-30109,eps00007_CI0340_winifsi
tcp-28001,eps00007_CI0340_winifsi
https,eps00007_CI0340_winifsi
avamar-nas,eps00007_CI0340_winifsi
tcp-29000,rss00143_CI0116_winrest_test
tcp-27000,rss00143_CI0116_winrest_test
tcp-30003,rss00143_CI0116_winrest_test
tcp-30001,rss00143_CI0116_winrest_test
tcp-28009,rss00143_CI0116_winrest_test
tcp-30102-30109,rss00143_CI0116_winrest_test
tcp-28001,rss00143_CI0116_winrest_test
https,rss00143_CI0116_winrest_test
avamar-nas,rss00143_CI0116_winrest_test
tcp-29000,hypervtemp
tcp-27000,hypervtemp
tcp-30003,hypervtemp
tcp-30001,hypervtemp
tcp-28009,hypervtemp
tcp-30102-30109,hypervtemp
tcp-28001,hypervtemp
https,hypervtemp
avamar-nas,hypervtemp
tcp-29000,rss00077_CI0361_cglide_test
tcp-27000,rss00077_CI0361_cglide_test
tcp-30003,rss00077_CI0361_cglide_test
tcp-30001,rss00077_CI0361_cglide_test
tcp-28009,rss00077_CI0361_cglide_test
tcp-30102-30109,rss00077_CI0361_cglide_test
tcp-28001,rss00077_CI0361_cglide_test
https,rss00077_CI0361_cglide_test
avamar-nas,rss00077_CI0361_cglide_test
tcp-29000,rss00396_CI0163_moodle_test
tcp-27000,rss00396_CI0163_moodle_test
tcp-30003,rss00396_CI0163_moodle_test
tcp-30001,rss00396_CI0163_moodle_test
tcp-28009,rss00396_CI0163_moodle_test
tcp-30102-30109,rss00396_CI0163_moodle_test
tcp-28001,rss00396_CI0163_moodle_test
https,rss00396_CI0163_moodle_test
avamar-nas,rss00396_CI0163_moodle_test
tcp-29000,mssante_centos
tcp-27000,mssante_centos
tcp-30003,mssante_centos
tcp-30001,mssante_centos
tcp-28009,mssante_centos
tcp-30102-30109,mssante_centos
tcp-28001,mssante_centos
https,mssante_centos
avamar-nas,mssante_centos
tcp-29000,rss00537_nafama_reprise
tcp-27000,rss00537_nafama_reprise
tcp-30003,rss00537_nafama_reprise
tcp-30001,rss00537_nafama_reprise
tcp-28009,rss00537_nafama_reprise
tcp-30102-30109,rss00537_nafama_reprise
tcp-28001,rss00537_nafama_reprise
https,rss00537_nafama_reprise
avamar-nas,rss00537_nafama_reprise
tcp-29000,erspan-ws
tcp-27000,erspan-ws
tcp-30003,erspan-ws
tcp-30001,erspan-ws
tcp-28009,erspan-ws
tcp-30102-30109,erspan-ws
tcp-28001,erspan-ws
https,erspan-ws
avamar-nas,erspan-ws
tcp-29000,acitoolkit
tcp-27000,acitoolkit
tcp-30003,acitoolkit
tcp-30001,acitoolkit
tcp-28009,acitoolkit
tcp-30102-30109,acitoolkit
tcp-28001,acitoolkit
https,acitoolkit
avamar-nas,acitoolkit
tcp-29000,ntopng
tcp-27000,ntopng
tcp-30003,ntopng
tcp-30001,ntopng
tcp-28009,ntopng
tcp-30102-30109,ntopng
tcp-28001,ntopng
https,ntopng
avamar-nas,ntopng
tcp-29000,imapsync-u22
tcp-27000,imapsync-u22
tcp-30003,imapsync-u22
tcp-30001,imapsync-u22
tcp-28009,imapsync-u22
tcp-30102-30109,imapsync-u22
tcp-28001,imapsync-u22
https,imapsync-u22
avamar-nas,imapsync-u22
tcp-29000,vmwconverter
tcp-27000,vmwconverter
tcp-30003,vmwconverter
tcp-30001,vmwconverter
tcp-28009,vmwconverter
tcp-30102-30109,vmwconverter
tcp-28001,vmwconverter
https,vmwconverter
avamar-nas,vmwconverter
tcp-29000,imapsync
tcp-27000,imapsync
tcp-30003,imapsync
tcp-30001,imapsync
tcp-28009,imapsync
tcp-30102-30109,imapsync
tcp-28001,imapsync
https,imapsync
avamar-nas,imapsync
tcp-29000,rss00554_CI0054_hemadialyse_theradom_demo
tcp-27000,rss00554_CI0054_hemadialyse_theradom_demo
tcp-30003,rss00554_CI0054_hemadialyse_theradom_demo
tcp-30001,rss00554_CI0054_hemadialyse_theradom_demo
tcp-28009,rss00554_CI0054_hemadialyse_theradom_demo
tcp-30102-30109,rss00554_CI0054_hemadialyse_theradom_demo
tcp-28001,rss00554_CI0054_hemadialyse_theradom_demo
https,rss00554_CI0054_hemadialyse_theradom_demo
avamar-nas,rss00554_CI0054_hemadialyse_theradom_demo
tcp-29000,rss00516_test_ecps
tcp-27000,rss00516_test_ecps
tcp-30003,rss00516_test_ecps
tcp-30001,rss00516_test_ecps
tcp-28009,rss00516_test_ecps
tcp-30102-30109,rss00516_test_ecps
tcp-28001,rss00516_test_ecps
https,rss00516_test_ecps
avamar-nas,rss00516_test_ecps
tcp-29000,mig-isilon
tcp-27000,mig-isilon
tcp-30003,mig-isilon
tcp-30001,mig-isilon
tcp-28009,mig-isilon
tcp-30102-30109,mig-isilon
tcp-28001,mig-isilon
https,mig-isilon
avamar-nas,mig-isilon
tcp-29000,rss00046_winm9_a_conserver
tcp-27000,rss00046_winm9_a_conserver
tcp-30003,rss00046_winm9_a_conserver
tcp-30001,rss00046_winm9_a_conserver
tcp-28009,rss00046_winm9_a_conserver
tcp-30102-30109,rss00046_winm9_a_conserver
tcp-28001,rss00046_winm9_a_conserver
https,rss00046_winm9_a_conserver
avamar-nas,rss00046_winm9_a_conserver
tcp-29000,rss00398_inlog_liaison_prod_1
tcp-27000,rss00398_inlog_liaison_prod_1
tcp-30003,rss00398_inlog_liaison_prod_1
tcp-30001,rss00398_inlog_liaison_prod_1
tcp-28009,rss00398_inlog_liaison_prod_1
tcp-30102-30109,rss00398_inlog_liaison_prod_1
tcp-28001,rss00398_inlog_liaison_prod_1
https,rss00398_inlog_liaison_prod_1
avamar-nas,rss00398_inlog_liaison_prod_1
tcp-29000,rss00457_scanbac
tcp-27000,rss00457_scanbac
tcp-30003,rss00457_scanbac
tcp-30001,rss00457_scanbac
tcp-28009,rss00457_scanbac
tcp-30102-30109,rss00457_scanbac
tcp-28001,rss00457_scanbac
https,rss00457_scanbac
avamar-nas,rss00457_scanbac
tcp-29000,winmigration
tcp-27000,winmigration
tcp-30003,winmigration
tcp-30001,winmigration
tcp-28009,winmigration
tcp-30102-30109,winmigration
tcp-28001,winmigration
https,winmigration
avamar-nas,winmigration
tcp-29000,rss00384_insight_netscaler
tcp-27000,rss00384_insight_netscaler
tcp-30003,rss00384_insight_netscaler
tcp-30001,rss00384_insight_netscaler
tcp-28009,rss00384_insight_netscaler
tcp-30102-30109,rss00384_insight_netscaler
tcp-28001,rss00384_insight_netscaler
https,rss00384_insight_netscaler
avamar-nas,rss00384_insight_netscaler
tcp-29000,rss00061_dhcp1
tcp-27000,rss00061_dhcp1
tcp-30003,rss00061_dhcp1
tcp-30001,rss00061_dhcp1
tcp-28009,rss00061_dhcp1
tcp-30102-30109,rss00061_dhcp1
tcp-28001,rss00061_dhcp1
https,rss00061_dhcp1
avamar-nas,rss00061_dhcp1
tcp-29000,rss00060_dhcp1
tcp-27000,rss00060_dhcp1
tcp-30003,rss00060_dhcp1
tcp-30001,rss00060_dhcp1
tcp-28009,rss00060_dhcp1
tcp-30102-30109,rss00060_dhcp1
tcp-28001,rss00060_dhcp1
https,rss00060_dhcp1
avamar-nas,rss00060_dhcp1
GRP-MSSQL,rss00051_CI0479_softalmo_prod_sql
any,rss00051_CI0479_softalmo_prod_sql
GRP-MSSQL,rss00523_CI0479_softalmo_test_sql
any,rss00523_CI0479_softalmo_test_sql
tcp-5000,rss00930_CI0569_aerocom
tcp-50001,rss00930_CI0569_aerocom
tcp-5000,rss01049_CI0569_dongleaerocom
tcp-50001,rss01049_CI0569_dongleaerocom
tcp-7788,rss00634_console_oem
tcp-7802,rss00634_console_oem
GRP-MSSQL,rss00028_CI0356_dacs_rdm_dosimetrie
http,interface_zimbra
tcp-3306,rss00254_ordelinge
GRP-smb,rss00254_ordelinge
tcp-3306,rss00041_CI0072_applisdivers
GRP-smb,rss00041_CI0072_applisdivers
ssh,rss00082_CI0400_ql_prod
ftp,rss00082_CI0400_ql_prod
ssh,rss00082_ql_prod
ftp,rss00082_ql_prod
ssh,rss00083_ql_test
ftp,rss00083_ql_test
ssh,rss00083_CI0400_ql_test
ftp,rss00083_CI0400_ql_test
https,rss00319_CI0530_arkhn_archive_millennium
http,rss00319_CI0530_arkhn_archive_millennium
tcp-8000,rss00917_script_reprise_donnees
tcp-8000,rss00308_interface_easily_prod
tcp-8000,rss00065_easily_bi
tcp-8000,rss00305_web1_easily_prod
tcp-8000,rss00306_web2_easily_prod
tcp-8000,rss00312_web3_easily_prod
tcp-8000,rss00818_easily_cie
tcp-8000,rss00301_traitement2_easily_prod
tcp-8000,rss00309_semantic_easily_prod
tcp-8000,rss00307_traitement_easily_prod
tcp-8000,rss00099_semantic_easily_test
tcp-8000,rss00598_easily_test_bi
tcp-8000,rss00079_easily_for
tcp-8000,rss00080_semantic_easily_for
tcp-8000,rss00097_sql_easily_test
tcp-8000,rss00078_sql_easily_for
tcp-8000,rss00098_easily_test
GRP-ftp,rss00123_CI0426_diane
postgresql,rss00395_noyauSIH_GHT_230306_102251
postgresql,rss00345_developpement
postgresql,rss00835_rails_integration_continue
postgresql,rss00882_CI0138_passerelle_ssh
postgresql,rss00486_CI0223_ioda_rails
postgresql,rss00456_rails_developpement_2
postgresql,rss00442_noyauSIH_GHT_dev
postgresql,pml00882_test_server_powershell
MSSQL,rss00867_CI0512_bpprep
MSSQL,rss00531_CI0512_bpprep_tst
tcp-9990_9999,rss01044_CI0510_benevision
tcp-6665,rss01044_CI0510_benevision
tcp-6603,rss01044_CI0510_benevision
tcp-36002,rss01044_CI0510_benevision
tcp-6664,rss01044_CI0510_benevision
udp-9999,rss01044_CI0510_benevision
udp-6678,rss01044_CI0510_benevision
rdp,rss00834_CI0499_siemens_teamplay
tcp-1098,rss00491_CI0357_gwp_automates_labo
tcp-4446,rss00491_CI0357_gwp_automates_labo
tcp-4459,rss00491_CI0357_gwp_automates_labo
tcp-4460,rss00491_CI0357_gwp_automates_labo
tcp-3843,rss00491_CI0357_gwp_automates_labo
tcp-1099,rss00491_CI0357_gwp_automates_labo
https,rss00491_CI0357_gwp_automates_labo
tcp-5872,rss00491_CI0357_gwp_automates_labo
ntp,rss00491_CI0357_gwp_automates_labo
tcp-1098,rss00492_CI0357_gwp_automates_services
tcp-4446,rss00492_CI0357_gwp_automates_services
tcp-4459,rss00492_CI0357_gwp_automates_services
tcp-4460,rss00492_CI0357_gwp_automates_services
tcp-3843,rss00492_CI0357_gwp_automates_services
tcp-1099,rss00492_CI0357_gwp_automates_services
https,rss00492_CI0357_gwp_automates_services
tcp-5872,rss00492_CI0357_gwp_automates_services
ntp,rss00492_CI0357_gwp_automates_services
tcp-8080,rss00497_CI0243_medifirst_genetics
mysql,rss00497_CI0243_medifirst_genetics
tcp-8080,rss00497_CI0243_medifirst_genetics_230503_091301
mysql,rss00497_CI0243_medifirst_genetics_230503_091301
tcp-8080,rss00238_CI0243_medifirst_genetics_test
mysql,rss00238_CI0243_medifirst_genetics_test
GRP-smb,rss00313_passerelle_ssh
tcp-5432,rss00214_CI0437_odonto
MSSQL,rss00527_semantic_easily_ghsa_tst
MSSQL,rss00525_CI0372_sql_easily_ghsa_tst
MSSQL,rss00526_CI0372_easily_ghsa_tst
MSSQL,rss00917_script_reprise_donnees
MSSQL,rss00308_interface_easily_prod
MSSQL,rss00065_easily_bi
MSSQL,rss00305_web1_easily_prod
MSSQL,rss00306_web2_easily_prod
MSSQL,rss00312_web3_easily_prod
MSSQL,rss00818_easily_cie
MSSQL,rss00301_traitement2_easily_prod
MSSQL,rss00309_semantic_easily_prod
MSSQL,rss00307_traitement_easily_prod
MSSQL,rss00099_semantic_easily_test
MSSQL,rss00598_easily_test_bi
MSSQL,rss00079_easily_for
MSSQL,rss00080_semantic_easily_for
MSSQL,rss00097_sql_easily_test
MSSQL,rss00078_sql_easily_for
MSSQL,rss00098_easily_test
tcp-8080,rss00058_CI0027_pharma_chimio
GRP-smb,rss00058_CI0027_pharma_chimio
tcp_8082,rss00058_CI0027_pharma_chimio
tcp-8081,rss00058_CI0027_pharma_chimio
tcp-8080,rss00153_CI0027_chimio_pharma_web_prod
GRP-smb,rss00153_CI0027_chimio_pharma_web_prod
tcp_8082,rss00153_CI0027_chimio_pharma_web_prod
tcp-8081,rss00153_CI0027_chimio_pharma_web_prod
tcp-8080,rss00133_CI0027_chimio_pharma_test
GRP-smb,rss00133_CI0027_chimio_pharma_test
tcp_8082,rss00133_CI0027_chimio_pharma_test
tcp-8081,rss00133_CI0027_chimio_pharma_test
tcp-8080,rss00533_CI0027_chimio_pharma_web_test
GRP-smb,rss00533_CI0027_chimio_pharma_web_test
tcp_8082,rss00533_CI0027_chimio_pharma_web_test
tcp-8081,rss00533_CI0027_chimio_pharma_web_test
ssh,rss00423_CI0399_superna_eyeglass_lp15.4
tcp-2012,rss00423_CI0399_superna_eyeglass_lp15.4
https,rss00423_CI0399_superna_eyeglass_lp15.4
tcp-2011,rss00423_CI0399_superna_eyeglass_lp15.4
https,rss01046_CI0792_ABBOTTi-stat
tcp-6004,rss01046_CI0792_ABBOTTi-stat
tcp-49000,rss00552_CI0378_synapse_v5_oracle_test
tcp-49001,rss00552_CI0378_synapse_v5_oracle_test
tcp-49000,rss00168_CI0378_synapse_teaching_files
tcp-49001,rss00168_CI0378_synapse_teaching_files
tcp-49000,rss00170_CI0378_synapse_https_wave
tcp-49001,rss00170_CI0378_synapse_https_wave
tcp-49000,rss00169_CI0378_synapse_pacs_test
tcp-49001,rss00169_CI0378_synapse_pacs_test
tcp-49000,rss00352_CI0378_synapse_v5_oracle
tcp-49001,rss00352_CI0378_synapse_v5_oracle
tcp-49000,rss00255_CI0378_synapse_v5_haproxy
tcp-49001,rss00255_CI0378_synapse_v5_haproxy
tcp-49000,rss00844_CI0378_synapse_v5_engine_dicom_hrd
tcp-49001,rss00844_CI0378_synapse_v5_engine_dicom_hrd
tcp-49000,rss00850_CI0378_synapse_v5_engine_dmz
tcp-49001,rss00850_CI0378_synapse_v5_engine_dmz
tcp-49000,rss00845_CI0378_synapse_v5_engine_dicom_hmb
tcp-49001,rss00845_CI0378_synapse_v5_engine_dicom_hmb
tcp-49000,rss00441_CI0378_synapse_v5_hiis_interfaces
tcp-49001,rss00441_CI0378_synapse_v5_hiis_interfaces
tcp-49000,rss00846_CI0378_synapse_v5_engine_dicom_amh
tcp-49001,rss00846_CI0378_synapse_v5_engine_dicom_amh
tcp-445,rss00049_CI0283_reco
tcp-445,rss00587_CI0283_reco_test_2
tcp-135,rss00994_CI00004_azureadconnect
smtp,rss00415_netscaler1_lan
smtp,rss00416_netscaler2_lan
tcp-58474,rss00072_alarme_pti
MSSQL,rss00072_alarme_pti
udp-137,rss00072_alarme_pti
udp-1434,rss00072_alarme_pti
tcp-58474,rss00394_web_services_nlb2
MSSQL,rss00394_web_services_nlb2
udp-137,rss00394_web_services_nlb2
udp-1434,rss00394_web_services_nlb2
tcp-58474,rss00107_adveez_controle_acces
MSSQL,rss00107_adveez_controle_acces
udp-137,rss00107_adveez_controle_acces
udp-1434,rss00107_adveez_controle_acces
tcp-58474,rss00270_pki
MSSQL,rss00270_pki
udp-137,rss00270_pki
udp-1434,rss00270_pki
tcp-58474,rss00435_CI0608_aq-tools
MSSQL,rss00435_CI0608_aq-tools
udp-137,rss00435_CI0608_aq-tools
udp-1434,rss00435_CI0608_aq-tools
tcp-58474,rss00066_visio
MSSQL,rss00066_visio
udp-137,rss00066_visio
udp-1434,rss00066_visio
tcp-58474,rss00389_phrc
MSSQL,rss00389_phrc
udp-137,rss00389_phrc
udp-1434,rss00389_phrc
tcp-58474,rss00460_CI0208_Intranet
MSSQL,rss00460_CI0208_Intranet
udp-137,rss00460_CI0208_Intranet
udp-1434,rss00460_CI0208_Intranet
tcp-58474,rss00522_developpement_delphi
MSSQL,rss00522_developpement_delphi
udp-137,rss00522_developpement_delphi
udp-1434,rss00522_developpement_delphi
tcp-58474,rss00358_noyausih
MSSQL,rss00358_noyausih
udp-137,rss00358_noyausih
udp-1434,rss00358_noyausih
tcp-58474,rss00035_CI0361_cglide_xmld_mysql
MSSQL,rss00035_CI0361_cglide_xmld_mysql
udp-137,rss00035_CI0361_cglide_xmld_mysql
udp-1434,rss00035_CI0361_cglide_xmld_mysql
tcp-58474,rss00455_CI0163_moodle
MSSQL,rss00455_CI0163_moodle
udp-137,rss00455_CI0163_moodle
udp-1434,rss00455_CI0163_moodle
tcp-58474,rss00128_openfire
MSSQL,rss00128_openfire
udp-137,rss00128_openfire
udp-1434,rss00128_openfire
tcp-58474,rss00393_web_services_nlb1
MSSQL,rss00393_web_services_nlb1
udp-137,rss00393_web_services_nlb1
udp-1434,rss00393_web_services_nlb1
tcp-58474,rss00295_storefront_lan
MSSQL,rss00295_storefront_lan
udp-137,rss00295_storefront_lan
udp-1434,rss00295_storefront_lan
tcp-58474,rss00226_ph7
MSSQL,rss00226_ph7
udp-137,rss00226_ph7
udp-1434,rss00226_ph7
tcp-58474,rss00038_teamfoundation_biztalk_source
MSSQL,rss00038_teamfoundation_biztalk_source
udp-137,rss00038_teamfoundation_biztalk_source
udp-1434,rss00038_teamfoundation_biztalk_source
tcp-58474,rss00036_CI0361_cglide
MSSQL,rss00036_CI0361_cglide
udp-137,rss00036_CI0361_cglide
udp-1434,rss00036_CI0361_cglide
tcp-58474,rss00141_eventlog_collector
MSSQL,rss00141_eventlog_collector
udp-137,rss00141_eventlog_collector
udp-1434,rss00141_eventlog_collector
tcp-58474,rss00081_CI0393_Titan_Replic
MSSQL,rss00081_CI0393_Titan_Replic
udp-137,rss00081_CI0393_Titan_Replic
udp-1434,rss00081_CI0393_Titan_Replic
tcp-58474,rss00108_cristalnet
MSSQL,rss00108_cristalnet
udp-137,rss00108_cristalnet
udp-1434,rss00108_cristalnet
tcp-58474,rss00296_storefront_lan
MSSQL,rss00296_storefront_lan
udp-137,rss00296_storefront_lan
udp-1434,rss00296_storefront_lan
tcp-58474,rss00243_CI0116_winrest
MSSQL,rss00243_CI0116_winrest
udp-137,rss00243_CI0116_winrest
udp-1434,rss00243_CI0116_winrest
tcp-58474,eps00007_CI0340_winifsi
MSSQL,eps00007_CI0340_winifsi
udp-137,eps00007_CI0340_winifsi
udp-1434,eps00007_CI0340_winifsi
tcp-58474,rss00143_CI0116_winrest_test
MSSQL,rss00143_CI0116_winrest_test
udp-137,rss00143_CI0116_winrest_test
udp-1434,rss00143_CI0116_winrest_test
tcp-58474,hypervtemp
MSSQL,hypervtemp
udp-137,hypervtemp
udp-1434,hypervtemp
tcp-58474,rss00077_CI0361_cglide_test
MSSQL,rss00077_CI0361_cglide_test
udp-137,rss00077_CI0361_cglide_test
udp-1434,rss00077_CI0361_cglide_test
tcp-58474,rss00396_CI0163_moodle_test
MSSQL,rss00396_CI0163_moodle_test
udp-137,rss00396_CI0163_moodle_test
udp-1434,rss00396_CI0163_moodle_test
tcp-58474,mssante_centos
MSSQL,mssante_centos
udp-137,mssante_centos
udp-1434,mssante_centos
tcp-58474,rss00537_nafama_reprise
MSSQL,rss00537_nafama_reprise
udp-137,rss00537_nafama_reprise
udp-1434,rss00537_nafama_reprise
tcp-58474,erspan-ws
MSSQL,erspan-ws
udp-137,erspan-ws
udp-1434,erspan-ws
tcp-58474,acitoolkit
MSSQL,acitoolkit
udp-137,acitoolkit
udp-1434,acitoolkit
tcp-58474,ntopng
MSSQL,ntopng
udp-137,ntopng
udp-1434,ntopng
tcp-58474,imapsync-u22
MSSQL,imapsync-u22
udp-137,imapsync-u22
udp-1434,imapsync-u22
tcp-58474,vmwconverter
MSSQL,vmwconverter
udp-137,vmwconverter
udp-1434,vmwconverter
tcp-58474,imapsync
MSSQL,imapsync
udp-137,imapsync
udp-1434,imapsync
tcp-58474,rss00554_CI0054_hemadialyse_theradom_demo
MSSQL,rss00554_CI0054_hemadialyse_theradom_demo
udp-137,rss00554_CI0054_hemadialyse_theradom_demo
udp-1434,rss00554_CI0054_hemadialyse_theradom_demo
tcp-58474,rss00516_test_ecps
MSSQL,rss00516_test_ecps
udp-137,rss00516_test_ecps
udp-1434,rss00516_test_ecps
tcp-58474,mig-isilon
MSSQL,mig-isilon
udp-137,mig-isilon
udp-1434,mig-isilon
tcp-58474,rss00046_winm9_a_conserver
MSSQL,rss00046_winm9_a_conserver
udp-137,rss00046_winm9_a_conserver
udp-1434,rss00046_winm9_a_conserver
tcp-58474,rss00398_inlog_liaison_prod_1
MSSQL,rss00398_inlog_liaison_prod_1
udp-137,rss00398_inlog_liaison_prod_1
udp-1434,rss00398_inlog_liaison_prod_1
tcp-58474,rss00457_scanbac
MSSQL,rss00457_scanbac
udp-137,rss00457_scanbac
udp-1434,rss00457_scanbac
tcp-58474,winmigration
MSSQL,winmigration
udp-137,winmigration
udp-1434,winmigration
tcp-58474,rss00384_insight_netscaler
MSSQL,rss00384_insight_netscaler
udp-137,rss00384_insight_netscaler
udp-1434,rss00384_insight_netscaler
tcp-58474,rss00061_dhcp1
MSSQL,rss00061_dhcp1
udp-137,rss00061_dhcp1
udp-1434,rss00061_dhcp1
tcp-58474,rss00060_dhcp1
MSSQL,rss00060_dhcp1
udp-137,rss00060_dhcp1
udp-1434,rss00060_dhcp1
tcp-58474,rss01076_CI0227_SQL_Prod
MSSQL,rss01076_CI0227_SQL_Prod
udp-137,rss01076_CI0227_SQL_Prod
udp-1434,rss01076_CI0227_SQL_Prod
tcp-58474,rss00268_sql_mirroir_prod_2
MSSQL,rss00268_sql_mirroir_prod_2
udp-137,rss00268_sql_mirroir_prod_2
udp-1434,rss00268_sql_mirroir_prod_2
tcp-58474,rss01075_CI0227_SQL_Prod
MSSQL,rss01075_CI0227_SQL_Prod
udp-137,rss01075_CI0227_SQL_Prod
udp-1434,rss01075_CI0227_SQL_Prod
tcp-58474,rss00303_sql1_prod
MSSQL,rss00303_sql1_prod
udp-137,rss00303_sql1_prod
udp-1434,rss00303_sql1_prod
tcp-58474,rss00304_sql2_prod
MSSQL,rss00304_sql2_prod
udp-137,rss00304_sql2_prod
udp-1434,rss00304_sql2_prod
tcp-58474,rss00267_sql_mirroir_prod_1
MSSQL,rss00267_sql_mirroir_prod_1
udp-137,rss00267_sql_mirroir_prod_1
udp-1434,rss00267_sql_mirroir_prod_1
tcp-58474,rss00532_CI0227_SQL_test
MSSQL,rss00532_CI0227_SQL_test
udp-137,rss00532_CI0227_SQL_test
udp-1434,rss00532_CI0227_SQL_test
GRP-smb,rss00427_CI0175_sapanet
GRP-smb,rss00408_CI0175_sapanet_formation
tcp-8080,rss00367_elearning_prd
http,rss00367_elearning_prd
tcp-8080,rss00368_elearning_test
http,rss00368_elearning_test
tcp-5601,rss00848_CI0503_adele
tcp-4443,rss00848_CI0503_adele
tcp-5601,rss00924_CI0503_adele_elk
tcp-4443,rss00924_CI0503_adele_elk
tcp-5601,rss00543_CI0503_elk_dev
tcp-4443,rss00543_CI0503_elk_dev
tcp-5601,win10prokikan
tcp-4443,win10prokikan
tcp-9292,rss00210_CI0262_aladin
smtp,zimbra_test_zimlet
tcp-7025,zimbra_test_zimlet
smtp,rss00068_CI0161_zimbra_store_2
tcp-7025,rss00068_CI0161_zimbra_store_2
smtp,rss00040_CI0161_zimbra_store_3
tcp-7025,rss00040_CI0161_zimbra_store_3
smtp,rss00067_CI0161_zimbra_store_1
tcp-7025,rss00067_CI0161_zimbra_store_1
smtp,rss00037_CI0161_zimbra_open
tcp-7025,rss00037_CI0161_zimbra_open
tcp-1521,rss00501_cernerdb
tcp-1521,rss00377_oracle_transition
tcp-1521,rss01192_oracle_diane_noeud2
tcp-1521,rss01191_oracle_diane_noeud1
tcp-1521,rss00412_oracle_sim_noeud2
tcp-1521,rss00411_oracle_sim_noeud1
tcp-1521,rss00341_oracle_inlog_noeud1
tcp-1521,rss00274_oracle_winrest_noeud1
tcp-1521,rss00276_oracle_winrest_noeud2
tcp-1521,rss00342_oracle_inlog_noeud2
tcp-1521,rss00336_oracle_xcics_noeud1
tcp-1521,rss00339_oracle_xcics_noeud2
GRP-smb,rss00885_CI0185_Eurolaboffice
tcp-3050,rss00885_CI0185_Eurolaboffice
tcp-1235,rss00885_CI0185_Eurolaboffice
tcp-64001-64002,rss00885_CI0185_Eurolaboffice
tcp-5432,rss00885_CI0185_Eurolaboffice
tcp-23551,rss00885_CI0185_Eurolaboffice
tcp-42002,rss00885_CI0185_Eurolaboffice
tcp-42001,rss00885_CI0185_Eurolaboffice
tcp-42000,rss00885_CI0185_Eurolaboffice
tcp-12001,rss00885_CI0185_Eurolaboffice
any,rss00313_passerelle_ssh
GRP-smb,rss01032_CI0501_watchdoc_print1
GRP-smb,rss01034_CI0501_watchdoc_print3
GRP-smb,rss01033_CI0501_watchdoc_print2
tcp-3306,rss01005_CI0547_nextcloud_mariadb1
tcp-3306,rss01006_CI0547_nextcloud_mariadb2
udp-5093,rss00326_CI0440_medicad
tcp-9200,rss00911_CI0372_easilyhybrid_sql
tcp-9201,rss00911_CI0372_easilyhybrid_sql
tcp-4270,rss00911_CI0372_easilyhybrid_sql
tcp-9200,rss00914_CI0372_easilyhybrid_interface
tcp-9201,rss00914_CI0372_easilyhybrid_interface
tcp-4270,rss00914_CI0372_easilyhybrid_interface
tcp-9200,rss00913_CI0372_easilyhybrid_traitement
tcp-9201,rss00913_CI0372_easilyhybrid_traitement
tcp-4270,rss00913_CI0372_easilyhybrid_traitement
tcp-9200,rss00912_CI0372_easilyhybrid_frontal
tcp-9201,rss00912_CI0372_easilyhybrid_frontal
tcp-4270,rss00912_CI0372_easilyhybrid_frontal
tcp-9200,rss00556_CI0372_easilyhybrid_frontal_test
tcp-9201,rss00556_CI0372_easilyhybrid_frontal_test
tcp-4270,rss00556_CI0372_easilyhybrid_frontal_test
tcp-9200,rss00555_CI0372_easilyhybrid_sql_test
tcp-9201,rss00555_CI0372_easilyhybrid_sql_test
tcp-4270,rss00555_CI0372_easilyhybrid_sql_test
tcp-9200,rss00557_CI0372_easilyhybrid_trt_int_test
tcp-9201,rss00557_CI0372_easilyhybrid_trt_int_test
tcp-4270,rss00557_CI0372_easilyhybrid_trt_int_test
tcp-15666,rss00815_CI0493_virtuo_myla
tcp-29005,rss00815_CI0493_virtuo_myla
tcp-13131,rss00953_CI0648_easycall
MSSQL,eps00011_CI0372_easily_semantic_tst
tcp-808,eps00011_CI0372_easily_semantic_tst
tcp-7779,eps00011_CI0372_easily_semantic_tst
http,eps00011_CI0372_easily_semantic_tst
tcp-9000,eps00011_CI0372_easily_semantic_tst
GRP-smb,eps00011_CI0372_easily_semantic_tst
tcp-49154,eps00011_CI0372_easily_semantic_tst
tcp-12307-12308,eps00011_CI0372_easily_semantic_tst
tcp-11111,eps00011_CI0372_easily_semantic_tst
tcp-8001,eps00011_CI0372_easily_semantic_tst
tcp-8080,eps00011_CI0372_easily_semantic_tst
tcp-8000,eps00011_CI0372_easily_semantic_tst
tcp-2103,eps00011_CI0372_easily_semantic_tst
tcp-135,eps00011_CI0372_easily_semantic_tst
tcp-2105,eps00011_CI0372_easily_semantic_tst
tcp-4242,eps00011_CI0372_easily_semantic_tst
https,eps00011_CI0372_easily_semantic_tst
tcp-9111,eps00011_CI0372_easily_semantic_tst
MSSQL,eps00010_CI0372_easily_tst
tcp-808,eps00010_CI0372_easily_tst
tcp-7779,eps00010_CI0372_easily_tst
http,eps00010_CI0372_easily_tst
tcp-9000,eps00010_CI0372_easily_tst
GRP-smb,eps00010_CI0372_easily_tst
tcp-49154,eps00010_CI0372_easily_tst
tcp-12307-12308,eps00010_CI0372_easily_tst
tcp-11111,eps00010_CI0372_easily_tst
tcp-8001,eps00010_CI0372_easily_tst
tcp-8080,eps00010_CI0372_easily_tst
tcp-8000,eps00010_CI0372_easily_tst
tcp-2103,eps00010_CI0372_easily_tst
tcp-135,eps00010_CI0372_easily_tst
tcp-2105,eps00010_CI0372_easily_tst
tcp-4242,eps00010_CI0372_easily_tst
https,eps00010_CI0372_easily_tst
tcp-9111,eps00010_CI0372_easily_tst
MSSQL,eps00003_easily_semantic_prod
tcp-808,eps00003_easily_semantic_prod
tcp-7779,eps00003_easily_semantic_prod
http,eps00003_easily_semantic_prod
tcp-9000,eps00003_easily_semantic_prod
GRP-smb,eps00003_easily_semantic_prod
tcp-49154,eps00003_easily_semantic_prod
tcp-12307-12308,eps00003_easily_semantic_prod
tcp-11111,eps00003_easily_semantic_prod
tcp-8001,eps00003_easily_semantic_prod
tcp-8080,eps00003_easily_semantic_prod
tcp-8000,eps00003_easily_semantic_prod
tcp-2103,eps00003_easily_semantic_prod
tcp-135,eps00003_easily_semantic_prod
tcp-2105,eps00003_easily_semantic_prod
tcp-4242,eps00003_easily_semantic_prod
https,eps00003_easily_semantic_prod
tcp-9111,eps00003_easily_semantic_prod
MSSQL,eps00021_easily_web2
tcp-808,eps00021_easily_web2
tcp-7779,eps00021_easily_web2
http,eps00021_easily_web2
tcp-9000,eps00021_easily_web2
GRP-smb,eps00021_easily_web2
tcp-49154,eps00021_easily_web2
tcp-12307-12308,eps00021_easily_web2
tcp-11111,eps00021_easily_web2
tcp-8001,eps00021_easily_web2
tcp-8080,eps00021_easily_web2
tcp-8000,eps00021_easily_web2
tcp-2103,eps00021_easily_web2
tcp-135,eps00021_easily_web2
tcp-2105,eps00021_easily_web2
tcp-4242,eps00021_easily_web2
https,eps00021_easily_web2
tcp-9111,eps00021_easily_web2
MSSQL,eps00024_easily_trt2
tcp-808,eps00024_easily_trt2
tcp-7779,eps00024_easily_trt2
http,eps00024_easily_trt2
tcp-9000,eps00024_easily_trt2
GRP-smb,eps00024_easily_trt2
tcp-49154,eps00024_easily_trt2
tcp-12307-12308,eps00024_easily_trt2
tcp-11111,eps00024_easily_trt2
tcp-8001,eps00024_easily_trt2
tcp-8080,eps00024_easily_trt2
tcp-8000,eps00024_easily_trt2
tcp-2103,eps00024_easily_trt2
tcp-135,eps00024_easily_trt2
tcp-2105,eps00024_easily_trt2
tcp-4242,eps00024_easily_trt2
https,eps00024_easily_trt2
tcp-9111,eps00024_easily_trt2
MSSQL,eps00001_easily_sql_prod
tcp-808,eps00001_easily_sql_prod
tcp-7779,eps00001_easily_sql_prod
http,eps00001_easily_sql_prod
tcp-9000,eps00001_easily_sql_prod
GRP-smb,eps00001_easily_sql_prod
tcp-49154,eps00001_easily_sql_prod
tcp-12307-12308,eps00001_easily_sql_prod
tcp-11111,eps00001_easily_sql_prod
tcp-8001,eps00001_easily_sql_prod
tcp-8080,eps00001_easily_sql_prod
tcp-8000,eps00001_easily_sql_prod
tcp-2103,eps00001_easily_sql_prod
tcp-135,eps00001_easily_sql_prod
tcp-2105,eps00001_easily_sql_prod
tcp-4242,eps00001_easily_sql_prod
https,eps00001_easily_sql_prod
tcp-9111,eps00001_easily_sql_prod
MSSQL,eps00020_easily_web1
tcp-808,eps00020_easily_web1
tcp-7779,eps00020_easily_web1
http,eps00020_easily_web1
tcp-9000,eps00020_easily_web1
GRP-smb,eps00020_easily_web1
tcp-49154,eps00020_easily_web1
tcp-12307-12308,eps00020_easily_web1
tcp-11111,eps00020_easily_web1
tcp-8001,eps00020_easily_web1
tcp-8080,eps00020_easily_web1
tcp-8000,eps00020_easily_web1
tcp-2103,eps00020_easily_web1
tcp-135,eps00020_easily_web1
tcp-2105,eps00020_easily_web1
tcp-4242,eps00020_easily_web1
https,eps00020_easily_web1
tcp-9111,eps00020_easily_web1
MSSQL,eps00022_easily_interface
tcp-808,eps00022_easily_interface
tcp-7779,eps00022_easily_interface
http,eps00022_easily_interface
tcp-9000,eps00022_easily_interface
GRP-smb,eps00022_easily_interface
tcp-49154,eps00022_easily_interface
tcp-12307-12308,eps00022_easily_interface
tcp-11111,eps00022_easily_interface
tcp-8001,eps00022_easily_interface
tcp-8080,eps00022_easily_interface
tcp-8000,eps00022_easily_interface
tcp-2103,eps00022_easily_interface
tcp-135,eps00022_easily_interface
tcp-2105,eps00022_easily_interface
tcp-4242,eps00022_easily_interface
https,eps00022_easily_interface
tcp-9111,eps00022_easily_interface
MSSQL,eps00009_CI0372_easily_SQL_tst
tcp-808,eps00009_CI0372_easily_SQL_tst
tcp-7779,eps00009_CI0372_easily_SQL_tst
http,eps00009_CI0372_easily_SQL_tst
tcp-9000,eps00009_CI0372_easily_SQL_tst
GRP-smb,eps00009_CI0372_easily_SQL_tst
tcp-49154,eps00009_CI0372_easily_SQL_tst
tcp-12307-12308,eps00009_CI0372_easily_SQL_tst
tcp-11111,eps00009_CI0372_easily_SQL_tst
tcp-8001,eps00009_CI0372_easily_SQL_tst
tcp-8080,eps00009_CI0372_easily_SQL_tst
tcp-8000,eps00009_CI0372_easily_SQL_tst
tcp-2103,eps00009_CI0372_easily_SQL_tst
tcp-135,eps00009_CI0372_easily_SQL_tst
tcp-2105,eps00009_CI0372_easily_SQL_tst
tcp-4242,eps00009_CI0372_easily_SQL_tst
https,eps00009_CI0372_easily_SQL_tst
tcp-9111,eps00009_CI0372_easily_SQL_tst
MSSQL,eps00023_easily_trt1
tcp-808,eps00023_easily_trt1
tcp-7779,eps00023_easily_trt1
http,eps00023_easily_trt1
tcp-9000,eps00023_easily_trt1
GRP-smb,eps00023_easily_trt1
tcp-49154,eps00023_easily_trt1
tcp-12307-12308,eps00023_easily_trt1
tcp-11111,eps00023_easily_trt1
tcp-8001,eps00023_easily_trt1
tcp-8080,eps00023_easily_trt1
tcp-8000,eps00023_easily_trt1
tcp-2103,eps00023_easily_trt1
tcp-135,eps00023_easily_trt1
tcp-2105,eps00023_easily_trt1
tcp-4242,eps00023_easily_trt1
https,eps00023_easily_trt1
tcp-9111,eps00023_easily_trt1
tcp-8083,rss00225_CI0054_hemadialyse
tcp-8083,rss00889_CI0054_hemadialyse_hemadom
tcp-8083,rss00265_CI0054_hemadialyse_test
tcp-15389,rss00815_CI0493_virtuo_myla
tcp-10000_10020,rss01048_CI0795_AGV_DSAutomotion
tcp-1883,rss01048_CI0795_AGV_DSAutomotion
GRP-smb,rss00834_CI0499_siemens_teamplay
any,rss00354_CI0442_cloverleaf
tcp-13022,rss00354_CI0442_cloverleaf
tcp-13020,rss00354_CI0442_cloverleaf
https,rss00890_CI0502_KpaxAgent
http,rss00890_CI0502_KpaxAgent
tcp-9393,rss00849_CI0520_sysmex
tcp-9302,rss00849_CI0520_sysmex
tcp-7878,rss00849_CI0520_sysmex
tcp-15000_15016,rss00849_CI0520_sysmex
tcp-9292,rss00849_CI0520_sysmex
tcp-50090,rss00849_CI0520_sysmex
tcp-3090,rss00849_CI0520_sysmex
tcp-60000,rss00849_CI0520_sysmex
tcp-9000,rss00849_CI0520_sysmex
GRP-smb,rss00849_CI0520_sysmex
tcp-7001,rss00849_CI0520_sysmex
tcp-5000,rss00849_CI0520_sysmex
tcp-10002,rss00849_CI0520_sysmex
tcp-10001,rss00849_CI0520_sysmex
tcp-10000,rss00849_CI0520_sysmex
tcp_8443,eps00012_gfi_winm9
tcp_9777,eps00012_gfi_winm9
http,eps00012_gfi_winm9
tcp_9770,eps00012_gfi_winm9
tcp_9779,eps00012_gfi_winm9
tcp-1521,rss00915_oracle_web100t_ght
tcp-1521,rss00281_oracle_web100t_noeud1
tcp-1521,rss00282_oracle_web100t_noeud2
tcp-1521,rss00283_CI0459_web100t_applicatif
tcp-1521,rss00284_CI0459_web100t_interfaces
tcp-1521,rss00916_web100t_ght
tcp-1521,rss00285_CI0459_web100t_traitement
tcp-1521,rss00489_CI0459_web100t_test
tcp-1521,rss00528_CI0459_web100t_recette
https,rss00871_rds_gateway
tcp-3000,rss00935_rails_cparti
tcp-8080,rss00498_CI0242_medifirst_amp
mysql,rss00498_CI0242_medifirst_amp
tcp-8080,rss00499_CI0242_medifirst_amp_test
mysql,rss00499_CI0242_medifirst_amp_test
tcp-8080,rss00571_CI0242_medifirst_amp_workstation
mysql,rss00571_CI0242_medifirst_amp_workstation
tcp-8080,rss00415_netscaler1_lan
http,rss00415_netscaler1_lan
tcp-8080,rss00416_netscaler2_lan
http,rss00416_netscaler2_lan
tcp-8080,rss00193_CI0385_hmste_c2617-sclite
http,rss00193_CI0385_hmste_c2617-sclite
tcp-8080,rss00184_CI0385_hmste_c2617-am1
http,rss00184_CI0385_hmste_c2617-am1
tcp-8080,rss00189_CI0385_hmste_apacheftp
http,rss00189_CI0385_hmste_apacheftp
tcp-8080,rss00188_CI0385_hmste_collecte
http,rss00188_CI0385_hmste_collecte
tcp-8080,rss00187_CI0385_hmste_c2617-amf
http,rss00187_CI0385_hmste_c2617-amf
tcp-8080,rss00185_CI0385_hmste_c2617-am2
http,rss00185_CI0385_hmste_c2617-am2
tcp-8080,rss00186_CI0385_hmste_c2617-amq
http,rss00186_CI0385_hmste_c2617-amq
http,rss00883_CI0105_sygid
tcp-2000,rss00848_CI0503_adele
udp-2000,rss00848_CI0503_adele
tcp-2000,rss00924_CI0503_adele_elk
udp-2000,rss00924_CI0503_adele_elk
tcp-2000,rss00395_noyauSIH_GHT_230306_102251
udp-2000,rss00395_noyauSIH_GHT_230306_102251
tcp-2000,rss00345_developpement
udp-2000,rss00345_developpement
tcp-2000,rss00835_rails_integration_continue
udp-2000,rss00835_rails_integration_continue
tcp-2000,rss00882_CI0138_passerelle_ssh
udp-2000,rss00882_CI0138_passerelle_ssh
tcp-2000,rss00486_CI0223_ioda_rails
udp-2000,rss00486_CI0223_ioda_rails
tcp-2000,rss00456_rails_developpement_2
udp-2000,rss00456_rails_developpement_2
tcp-2000,rss00442_noyauSIH_GHT_dev
udp-2000,rss00442_noyauSIH_GHT_dev
tcp-2000,pml00882_test_server_powershell
udp-2000,pml00882_test_server_powershell
tcp-19812,rss00225_CI0054_hemadialyse
tcp-19813,rss00225_CI0054_hemadialyse
tcp-8088,rss00225_CI0054_hemadialyse
tcp-19814,rss00225_CI0054_hemadialyse
tcp-8011,rss00225_CI0054_hemadialyse
tcp-8083,rss00225_CI0054_hemadialyse
tcp-19812,rss00889_CI0054_hemadialyse_hemadom
tcp-19813,rss00889_CI0054_hemadialyse_hemadom
tcp-8088,rss00889_CI0054_hemadialyse_hemadom
tcp-19814,rss00889_CI0054_hemadialyse_hemadom
tcp-8011,rss00889_CI0054_hemadialyse_hemadom
tcp-8083,rss00889_CI0054_hemadialyse_hemadom
tcp-19812,rss00265_CI0054_hemadialyse_test
tcp-19813,rss00265_CI0054_hemadialyse_test
tcp-8088,rss00265_CI0054_hemadialyse_test
tcp-19814,rss00265_CI0054_hemadialyse_test
tcp-8011,rss00265_CI0054_hemadialyse_test
tcp-8083,rss00265_CI0054_hemadialyse_test
tcp-445,rss00943_CI0602_arkhn_EDS_admin_2
tcp-445,rss00940_CI0602_arkhn_EDS_1_DATA
tcp-445,rss00941_CI0602_arkhn_EDS_2_APP
tcp-445,rss00942_CI0602_arkhn_EDS_Pre-Prod
tcp-445,rss00940new_CI0602_EDS_data
any,centreon-central
any,centreon-poller-1
any,centreon-poller-2
any,centreon-db
any,centreon-poller-dmz-1
any,rss00424_supervision_oracle
any,rss00633_CI0215_centreon
any,rss00076_CI0215_centreon
any,rss00424_CI0407_supervision_oracle
tcp-104,rss00895_CI0538_pri
tcp-104,rss00919_CI0538_PRI_xda_lite
tcp-104,rss00910_CI0538_pri_2
tcp-1024,rss00563_CI0144_diamic_passerelle_test
tcp-1024,rss00562_CI0144_diamic_impression_test
tcp-1024,rss00518_CI0144_diamic_test
ftp,rss00269_bods
GRP-smb,rss00269_bods
tcp-6405,rss00269_bods
tcp-6410,rss00269_bods
tcp-6400,rss00269_bods
tcp-8080,rss00269_bods
https,rss00269_bods
ftp,rss00892_CI0021_sap_bi
GRP-smb,rss00892_CI0021_sap_bi
tcp-6405,rss00892_CI0021_sap_bi
tcp-6410,rss00892_CI0021_sap_bi
tcp-6400,rss00892_CI0021_sap_bi
tcp-8080,rss00892_CI0021_sap_bi
https,rss00892_CI0021_sap_bi
ftp,rss00893_CI0021_sap_bi_test
GRP-smb,rss00893_CI0021_sap_bi_test
tcp-6405,rss00893_CI0021_sap_bi_test
tcp-6410,rss00893_CI0021_sap_bi_test
tcp-6400,rss00893_CI0021_sap_bi_test
tcp-8080,rss00893_CI0021_sap_bi_test
https,rss00893_CI0021_sap_bi_test
MSSQL,rss00095_cardiopass
tcp-1434,rss00095_cardiopass
GRP-smb,rss00193_CI0385_hmste_c2617-sclite
GRP-smb,rss00184_CI0385_hmste_c2617-am1
GRP-smb,rss00189_CI0385_hmste_apacheftp
GRP-smb,rss00188_CI0385_hmste_collecte
GRP-smb,rss00187_CI0385_hmste_c2617-amf
GRP-smb,rss00185_CI0385_hmste_c2617-am2
GRP-smb,rss00186_CI0385_hmste_c2617-amq
https,rss00247_CI0202_panorama
http-alt,rss00247_CI0202_panorama
http,rss00247_CI0202_panorama
tcp-53900-53902,rss00247_CI0202_panorama
tcp-54000-54020,rss00247_CI0202_panorama
https,rss00249_CI0202_panorama
http-alt,rss00249_CI0202_panorama
http,rss00249_CI0202_panorama
tcp-53900-53902,rss00249_CI0202_panorama
tcp-54000-54020,rss00249_CI0202_panorama
https,rss00494_CI0202_panorama_labo
http-alt,rss00494_CI0202_panorama_labo
http,rss00494_CI0202_panorama_labo
tcp-53900-53902,rss00494_CI0202_panorama_labo
tcp-54000-54020,rss00494_CI0202_panorama_labo
https,rss00945_CI0202_panorama_divers
http-alt,rss00945_CI0202_panorama_divers
http,rss00945_CI0202_panorama_divers
tcp-53900-53902,rss00945_CI0202_panorama_divers
tcp-54000-54020,rss00945_CI0202_panorama_divers
https,rss00136_CI0202_Panorama
http-alt,rss00136_CI0202_Panorama
http,rss00136_CI0202_Panorama
tcp-53900-53902,rss00136_CI0202_Panorama
tcp-54000-54020,rss00136_CI0202_Panorama
https,rss00863_CI0202_Panorama
http-alt,rss00863_CI0202_Panorama
http,rss00863_CI0202_Panorama
tcp-53900-53902,rss00863_CI0202_Panorama
tcp-54000-54020,rss00863_CI0202_Panorama
https,rss00063_CI0202_Panorama
http-alt,rss00063_CI0202_Panorama
http,rss00063_CI0202_Panorama
tcp-53900-53902,rss00063_CI0202_Panorama
tcp-54000-54020,rss00063_CI0202_Panorama
https,rss00213_CI0202_panorama
http-alt,rss00213_CI0202_panorama
http,rss00213_CI0202_panorama
tcp-53900-53902,rss00213_CI0202_panorama
tcp-54000-54020,rss00213_CI0202_panorama
https,rss00560_CI0202_Panorama_test
http-alt,rss00560_CI0202_Panorama_test
http,rss00560_CI0202_Panorama_test
tcp-53900-53902,rss00560_CI0202_Panorama_test
tcp-54000-54020,rss00560_CI0202_Panorama_test
ldap,zimbra_test_zimlet
ldap,rss00068_CI0161_zimbra_store_2
ldap,rss00040_CI0161_zimbra_store_3
ldap,rss00067_CI0161_zimbra_store_1
ldap,rss00037_CI0161_zimbra_open
any,rss00034_cisco_ise2
any,rss00033_cisco_ise1
tcp-8081,rss00329_CI0446_romexis
tcp-10000-10200,rss00329_CI0446_romexis
tcp-1099,rss00329_CI0446_romexis
GRP-smb,rss00315_renalsoft
tcp-1521,rss00325_oracle_clovis_noeud2
tcp-1521,rss00324_oracle_clovis_noeud1
tcp-8001,rss00911_CI0372_easilyhybrid_sql
tcp-12307-12308,rss00911_CI0372_easilyhybrid_sql
http,rss00911_CI0372_easilyhybrid_sql
tcp-9000,rss00911_CI0372_easilyhybrid_sql
tcp-49154,rss00911_CI0372_easilyhybrid_sql
tcp-808,rss00911_CI0372_easilyhybrid_sql
MSSQL,rss00911_CI0372_easilyhybrid_sql
tcp-8000,rss00911_CI0372_easilyhybrid_sql
tcp-9111,rss00911_CI0372_easilyhybrid_sql
https,rss00911_CI0372_easilyhybrid_sql
GRP-smb,rss00911_CI0372_easilyhybrid_sql
tcp-8080,rss00911_CI0372_easilyhybrid_sql
tcp-4242,rss00911_CI0372_easilyhybrid_sql
tcp-8001,rss00914_CI0372_easilyhybrid_interface
tcp-12307-12308,rss00914_CI0372_easilyhybrid_interface
http,rss00914_CI0372_easilyhybrid_interface
tcp-9000,rss00914_CI0372_easilyhybrid_interface
tcp-49154,rss00914_CI0372_easilyhybrid_interface
tcp-808,rss00914_CI0372_easilyhybrid_interface
MSSQL,rss00914_CI0372_easilyhybrid_interface
tcp-8000,rss00914_CI0372_easilyhybrid_interface
tcp-9111,rss00914_CI0372_easilyhybrid_interface
https,rss00914_CI0372_easilyhybrid_interface
GRP-smb,rss00914_CI0372_easilyhybrid_interface
tcp-8080,rss00914_CI0372_easilyhybrid_interface
tcp-4242,rss00914_CI0372_easilyhybrid_interface
tcp-8001,rss00913_CI0372_easilyhybrid_traitement
tcp-12307-12308,rss00913_CI0372_easilyhybrid_traitement
http,rss00913_CI0372_easilyhybrid_traitement
tcp-9000,rss00913_CI0372_easilyhybrid_traitement
tcp-49154,rss00913_CI0372_easilyhybrid_traitement
tcp-808,rss00913_CI0372_easilyhybrid_traitement
MSSQL,rss00913_CI0372_easilyhybrid_traitement
tcp-8000,rss00913_CI0372_easilyhybrid_traitement
tcp-9111,rss00913_CI0372_easilyhybrid_traitement
https,rss00913_CI0372_easilyhybrid_traitement
GRP-smb,rss00913_CI0372_easilyhybrid_traitement
tcp-8080,rss00913_CI0372_easilyhybrid_traitement
tcp-4242,rss00913_CI0372_easilyhybrid_traitement
tcp-8001,rss00912_CI0372_easilyhybrid_frontal
tcp-12307-12308,rss00912_CI0372_easilyhybrid_frontal
http,rss00912_CI0372_easilyhybrid_frontal
tcp-9000,rss00912_CI0372_easilyhybrid_frontal
tcp-49154,rss00912_CI0372_easilyhybrid_frontal
tcp-808,rss00912_CI0372_easilyhybrid_frontal
MSSQL,rss00912_CI0372_easilyhybrid_frontal
tcp-8000,rss00912_CI0372_easilyhybrid_frontal
tcp-9111,rss00912_CI0372_easilyhybrid_frontal
https,rss00912_CI0372_easilyhybrid_frontal
GRP-smb,rss00912_CI0372_easilyhybrid_frontal
tcp-8080,rss00912_CI0372_easilyhybrid_frontal
tcp-4242,rss00912_CI0372_easilyhybrid_frontal
tcp-8001,rss00556_CI0372_easilyhybrid_frontal_test
tcp-12307-12308,rss00556_CI0372_easilyhybrid_frontal_test
http,rss00556_CI0372_easilyhybrid_frontal_test
tcp-9000,rss00556_CI0372_easilyhybrid_frontal_test
tcp-49154,rss00556_CI0372_easilyhybrid_frontal_test
tcp-808,rss00556_CI0372_easilyhybrid_frontal_test
MSSQL,rss00556_CI0372_easilyhybrid_frontal_test
tcp-8000,rss00556_CI0372_easilyhybrid_frontal_test
tcp-9111,rss00556_CI0372_easilyhybrid_frontal_test
https,rss00556_CI0372_easilyhybrid_frontal_test
GRP-smb,rss00556_CI0372_easilyhybrid_frontal_test
tcp-8080,rss00556_CI0372_easilyhybrid_frontal_test
tcp-4242,rss00556_CI0372_easilyhybrid_frontal_test
tcp-8001,rss00555_CI0372_easilyhybrid_sql_test
tcp-12307-12308,rss00555_CI0372_easilyhybrid_sql_test
http,rss00555_CI0372_easilyhybrid_sql_test
tcp-9000,rss00555_CI0372_easilyhybrid_sql_test
tcp-49154,rss00555_CI0372_easilyhybrid_sql_test
tcp-808,rss00555_CI0372_easilyhybrid_sql_test
MSSQL,rss00555_CI0372_easilyhybrid_sql_test
tcp-8000,rss00555_CI0372_easilyhybrid_sql_test
tcp-9111,rss00555_CI0372_easilyhybrid_sql_test
https,rss00555_CI0372_easilyhybrid_sql_test
GRP-smb,rss00555_CI0372_easilyhybrid_sql_test
tcp-8080,rss00555_CI0372_easilyhybrid_sql_test
tcp-4242,rss00555_CI0372_easilyhybrid_sql_test
tcp-8001,rss00557_CI0372_easilyhybrid_trt_int_test
tcp-12307-12308,rss00557_CI0372_easilyhybrid_trt_int_test
http,rss00557_CI0372_easilyhybrid_trt_int_test
tcp-9000,rss00557_CI0372_easilyhybrid_trt_int_test
tcp-49154,rss00557_CI0372_easilyhybrid_trt_int_test
tcp-808,rss00557_CI0372_easilyhybrid_trt_int_test
MSSQL,rss00557_CI0372_easilyhybrid_trt_int_test
tcp-8000,rss00557_CI0372_easilyhybrid_trt_int_test
tcp-9111,rss00557_CI0372_easilyhybrid_trt_int_test
https,rss00557_CI0372_easilyhybrid_trt_int_test
GRP-smb,rss00557_CI0372_easilyhybrid_trt_int_test
tcp-8080,rss00557_CI0372_easilyhybrid_trt_int_test
tcp-4242,rss00557_CI0372_easilyhybrid_trt_int_test
http,rss00577_CI0000_cve_search
https,rss00577_CI0000_cve_search
http,rss01037_CI0000_ocs_inventory_test
https,rss01037_CI0000_ocs_inventory_test
tcp-8180,rss00440_websmur
http,rss00498_CI0242_medifirst_amp
http,rss00499_CI0242_medifirst_amp_test
http,rss00571_CI0242_medifirst_amp_workstation
http,rss00147_CI0290_ecrf
https,rss00147_CI0290_ecrf
https,rss00903_CI0543_egerie_v4_prod
tcp-104,eps00015_CI0378-EP_synapse_dicom
tcp-104,eps00013_CI0378-EP_synapse_oracle
tcp-104,eps00014_CI0378-EP_synapse_engine_hiis
tcp-3000,rss00943_CI0602_arkhn_EDS_admin_2
http,rss00943_CI0602_arkhn_EDS_admin_2
tcp-3000,rss00940_CI0602_arkhn_EDS_1_DATA
http,rss00940_CI0602_arkhn_EDS_1_DATA
tcp-3000,rss00941_CI0602_arkhn_EDS_2_APP
http,rss00941_CI0602_arkhn_EDS_2_APP
tcp-3000,rss00942_CI0602_arkhn_EDS_Pre-Prod
http,rss00942_CI0602_arkhn_EDS_Pre-Prod
tcp-3000,rss00940new_CI0602_EDS_data
http,rss00940new_CI0602_EDS_data
GRP-smb,rss00142_CI0288_medianetutelle
tcp-1434,rss00142_CI0288_medianetutelle
tcp-4150,rss00142_CI0288_medianetutelle
MSSQL,rss00142_CI0288_medianetutelle
udp-1434,rss00142_CI0288_medianetutelle
tcp-10000-10200,rss00247_CI0202_panorama
tcp-966,rss00247_CI0202_panorama
tcp-950,rss00247_CI0202_panorama
tcp-51807,rss00247_CI0202_panorama
tcp-502,rss00247_CI0202_panorama
tcp-47808,rss00247_CI0202_panorama
tcp-5001,rss00247_CI0202_panorama
tcp-10000-10200,rss00249_CI0202_panorama
tcp-966,rss00249_CI0202_panorama
tcp-950,rss00249_CI0202_panorama
tcp-51807,rss00249_CI0202_panorama
tcp-502,rss00249_CI0202_panorama
tcp-47808,rss00249_CI0202_panorama
tcp-5001,rss00249_CI0202_panorama
tcp-10000-10200,rss00494_CI0202_panorama_labo
tcp-966,rss00494_CI0202_panorama_labo
tcp-950,rss00494_CI0202_panorama_labo
tcp-51807,rss00494_CI0202_panorama_labo
tcp-502,rss00494_CI0202_panorama_labo
tcp-47808,rss00494_CI0202_panorama_labo
tcp-5001,rss00494_CI0202_panorama_labo
tcp-10000-10200,rss00945_CI0202_panorama_divers
tcp-966,rss00945_CI0202_panorama_divers
tcp-950,rss00945_CI0202_panorama_divers
tcp-51807,rss00945_CI0202_panorama_divers
tcp-502,rss00945_CI0202_panorama_divers
tcp-47808,rss00945_CI0202_panorama_divers
tcp-5001,rss00945_CI0202_panorama_divers
tcp-10000-10200,rss00136_CI0202_Panorama
tcp-966,rss00136_CI0202_Panorama
tcp-950,rss00136_CI0202_Panorama
tcp-51807,rss00136_CI0202_Panorama
tcp-502,rss00136_CI0202_Panorama
tcp-47808,rss00136_CI0202_Panorama
tcp-5001,rss00136_CI0202_Panorama
tcp-10000-10200,rss00863_CI0202_Panorama
tcp-966,rss00863_CI0202_Panorama
tcp-950,rss00863_CI0202_Panorama
tcp-51807,rss00863_CI0202_Panorama
tcp-502,rss00863_CI0202_Panorama
tcp-47808,rss00863_CI0202_Panorama
tcp-5001,rss00863_CI0202_Panorama
tcp-10000-10200,rss00063_CI0202_Panorama
tcp-966,rss00063_CI0202_Panorama
tcp-950,rss00063_CI0202_Panorama
tcp-51807,rss00063_CI0202_Panorama
tcp-502,rss00063_CI0202_Panorama
tcp-47808,rss00063_CI0202_Panorama
tcp-5001,rss00063_CI0202_Panorama
tcp-10000-10200,rss00213_CI0202_panorama
tcp-966,rss00213_CI0202_panorama
tcp-950,rss00213_CI0202_panorama
tcp-51807,rss00213_CI0202_panorama
tcp-502,rss00213_CI0202_panorama
tcp-47808,rss00213_CI0202_panorama
tcp-5001,rss00213_CI0202_panorama
tcp-10000-10200,rss00560_CI0202_Panorama_test
tcp-966,rss00560_CI0202_Panorama_test
tcp-950,rss00560_CI0202_Panorama_test
tcp-51807,rss00560_CI0202_Panorama_test
tcp-502,rss00560_CI0202_Panorama_test
tcp-47808,rss00560_CI0202_Panorama_test
tcp-5001,rss00560_CI0202_Panorama_test
tcp-10000-10200,rss00900_CI0409_schneider_struxureware_dcexpert
tcp-966,rss00900_CI0409_schneider_struxureware_dcexpert
tcp-950,rss00900_CI0409_schneider_struxureware_dcexpert
tcp-51807,rss00900_CI0409_schneider_struxureware_dcexpert
tcp-502,rss00900_CI0409_schneider_struxureware_dcexpert
tcp-47808,rss00900_CI0409_schneider_struxureware_dcexpert
tcp-5001,rss00900_CI0409_schneider_struxureware_dcexpert
tcp-10000-10200,rss00042_citrix_inlog
tcp-966,rss00042_citrix_inlog
tcp-950,rss00042_citrix_inlog
tcp-51807,rss00042_citrix_inlog
tcp-502,rss00042_citrix_inlog
tcp-47808,rss00042_citrix_inlog
tcp-5001,rss00042_citrix_inlog
tcp-10000-10200,rss00667_citrix_inlog
tcp-966,rss00667_citrix_inlog
tcp-950,rss00667_citrix_inlog
tcp-51807,rss00667_citrix_inlog
tcp-502,rss00667_citrix_inlog
tcp-47808,rss00667_citrix_inlog
tcp-5001,rss00667_citrix_inlog
tcp-10000-10200,rss00707_citrix_inlog
tcp-966,rss00707_citrix_inlog
tcp-950,rss00707_citrix_inlog
tcp-51807,rss00707_citrix_inlog
tcp-502,rss00707_citrix_inlog
tcp-47808,rss00707_citrix_inlog
tcp-5001,rss00707_citrix_inlog
tcp-10000-10200,rss00407_citrix_deliverycontroller1
tcp-966,rss00407_citrix_deliverycontroller1
tcp-950,rss00407_citrix_deliverycontroller1
tcp-51807,rss00407_citrix_deliverycontroller1
tcp-502,rss00407_citrix_deliverycontroller1
tcp-47808,rss00407_citrix_deliverycontroller1
tcp-5001,rss00407_citrix_deliverycontroller1
tcp-10000-10200,rss00029_citrix_inlog
tcp-966,rss00029_citrix_inlog
tcp-950,rss00029_citrix_inlog
tcp-51807,rss00029_citrix_inlog
tcp-502,rss00029_citrix_inlog
tcp-47808,rss00029_citrix_inlog
tcp-5001,rss00029_citrix_inlog
tcp-10000-10200,rss00002_citrix_formation
tcp-966,rss00002_citrix_formation
tcp-950,rss00002_citrix_formation
tcp-51807,rss00002_citrix_formation
tcp-502,rss00002_citrix_formation
tcp-47808,rss00002_citrix_formation
tcp-5001,rss00002_citrix_formation
tcp-10000-10200,rss00245_citrix_deliverycontroller2
tcp-966,rss00245_citrix_deliverycontroller2
tcp-950,rss00245_citrix_deliverycontroller2
tcp-51807,rss00245_citrix_deliverycontroller2
tcp-502,rss00245_citrix_deliverycontroller2
tcp-47808,rss00245_citrix_deliverycontroller2
tcp-5001,rss00245_citrix_deliverycontroller2
tcp-10000-10200,rss00668_citrixdatacollector
tcp-966,rss00668_citrixdatacollector
tcp-950,rss00668_citrixdatacollector
tcp-51807,rss00668_citrixdatacollector
tcp-502,rss00668_citrixdatacollector
tcp-47808,rss00668_citrixdatacollector
tcp-5001,rss00668_citrixdatacollector
tcp-10000-10200,rss00724_citrix_inlog
tcp-966,rss00724_citrix_inlog
tcp-950,rss00724_citrix_inlog
tcp-51807,rss00724_citrix_inlog
tcp-502,rss00724_citrix_inlog
tcp-47808,rss00724_citrix_inlog
tcp-5001,rss00724_citrix_inlog
tcp-10000-10200,rss00003_citrix_IE11_test
tcp-966,rss00003_citrix_IE11_test
tcp-950,rss00003_citrix_IE11_test
tcp-51807,rss00003_citrix_IE11_test
tcp-502,rss00003_citrix_IE11_test
tcp-47808,rss00003_citrix_IE11_test
tcp-5001,rss00003_citrix_IE11_test
tcp-10000-10200,vm-mast-cerner
tcp-966,vm-mast-cerner
tcp-950,vm-mast-cerner
tcp-51807,vm-mast-cerner
tcp-502,vm-mast-cerner
tcp-47808,vm-mast-cerner
tcp-5001,vm-mast-cerner
tcp-10000-10200,rss00003_citrix_dream_actes_test
tcp-966,rss00003_citrix_dream_actes_test
tcp-950,rss00003_citrix_dream_actes_test
tcp-51807,rss00003_citrix_dream_actes_test
tcp-502,rss00003_citrix_dream_actes_test
tcp-47808,rss00003_citrix_dream_actes_test
tcp-5001,rss00003_citrix_dream_actes_test
tcp-10000-10200,rss00011_citrix_administration
tcp-966,rss00011_citrix_administration
tcp-950,rss00011_citrix_administration
tcp-51807,rss00011_citrix_administration
tcp-502,rss00011_citrix_administration
tcp-47808,rss00011_citrix_administration
tcp-5001,rss00011_citrix_administration
tcp-10000-10200,rss01018_citrix_wem
tcp-966,rss01018_citrix_wem
tcp-950,rss01018_citrix_wem
tcp-51807,rss01018_citrix_wem
tcp-502,rss01018_citrix_wem
tcp-47808,rss01018_citrix_wem
tcp-5001,rss01018_citrix_wem
tcp-10000-10200,vm-mast-2019
tcp-966,vm-mast-2019
tcp-950,vm-mast-2019
tcp-51807,vm-mast-2019
tcp-502,vm-mast-2019
tcp-47808,vm-mast-2019
tcp-5001,vm-mast-2019
tcp-10000-10200,rss00003_citrix_test
tcp-966,rss00003_citrix_test
tcp-950,rss00003_citrix_test
tcp-51807,rss00003_citrix_test
tcp-502,rss00003_citrix_test
tcp-47808,rss00003_citrix_test
tcp-5001,rss00003_citrix_test
tcp-1688,rss00256_microsoft_kms
UDP-30300-30303,rss01039_CI0772_Polytex
MSSQL,rss00148_sql1_biztalk
udp-1434,rss00148_sql1_biztalk
MSSQL,rss00149_sql2_biztalk
udp-1434,rss00149_sql2_biztalk
GRP-smb,rss01066_CI0019_biztalk_batch_2022
GRP-smb,rss00439_biztalk_batch
tcp-3306,rss01054_CI0784_formeis_base
tcp-1521,rss00233_oracle_actesbo_canada
tcp-1521,rss00359_oracle_actes_noeud2
tcp-1521,rss00357_oracle_actes_noeud1
tcp-9001,rss00934_CI0597_myHRA_appli
tcp-9100,rss00934_CI0597_myHRA_appli
tcp-8080,rss00934_CI0597_myHRA_appli
tcp-10051,rss00934_CI0597_myHRA_appli
tcp-10050,rss00934_CI0597_myHRA_appli
tcp-9001,rss00933_CI0597_myHRA_bddd
tcp-9100,rss00933_CI0597_myHRA_bddd
tcp-8080,rss00933_CI0597_myHRA_bddd
tcp-10051,rss00933_CI0597_myHRA_bddd
tcp-10050,rss00933_CI0597_myHRA_bddd
tcp-9001,rss00569_CI0597_myhra_test
tcp-9100,rss00569_CI0597_myhra_test
tcp-8080,rss00569_CI0597_myhra_test
tcp-10051,rss00569_CI0597_myhra_test
tcp-10050,rss00569_CI0597_myhra_test
GRP-smb,rss00326_CI0440_medicad
tcp-4007,rss00104_CI0377_venus_interfaces_new
tcp-4007,rss00103_CI0377_venus_application_new
tcp-4007,rss00103_CI0377_venus_application
tcp-4007,rss00104_CI0377_venus_interfaces
tcp-4007,rss00110_CI0377_venus_interfaces_test
tcp-4007,rss00109_CI0377_venus_application_test
tcp-1521,rss00501_cernerdb
tcp-1521,rss00377_oracle_transition
tcp-1521,rss01192_oracle_diane_noeud2
tcp-1521,rss01191_oracle_diane_noeud1
tcp-1521,rss00412_oracle_sim_noeud2
tcp-1521,rss00411_oracle_sim_noeud1
tcp-1521,rss00341_oracle_inlog_noeud1
tcp-1521,rss00274_oracle_winrest_noeud1
tcp-1521,rss00276_oracle_winrest_noeud2
tcp-1521,rss00342_oracle_inlog_noeud2
tcp-1521,rss00343_oracle_inlog
tcp-8008,rss00011_citrix_administration
tcp-1494,rss00011_citrix_administration
https,rss00011_citrix_administration
tcp-2598,rss00011_citrix_administration
udp-2598,rss00011_citrix_administration
udp-16500-16509,rss00011_citrix_administration
udp-1494,rss00011_citrix_administration
tcp-8008,rss01018_citrix_wem
tcp-1494,rss01018_citrix_wem
https,rss01018_citrix_wem
tcp-2598,rss01018_citrix_wem
udp-2598,rss01018_citrix_wem
udp-16500-16509,rss01018_citrix_wem
udp-1494,rss01018_citrix_wem
tcp-8008,vm-mast-2019
tcp-1494,vm-mast-2019
https,vm-mast-2019
tcp-2598,vm-mast-2019
udp-2598,vm-mast-2019
udp-16500-16509,vm-mast-2019
udp-1494,vm-mast-2019
tcp-8008,rss00003_citrix_test
tcp-1494,rss00003_citrix_test
https,rss00003_citrix_test
tcp-2598,rss00003_citrix_test
udp-2598,rss00003_citrix_test
udp-16500-16509,rss00003_citrix_test
udp-1494,rss00003_citrix_test
tcp-8008,rss00989_citrix_inlog
tcp-1494,rss00989_citrix_inlog
https,rss00989_citrix_inlog
tcp-2598,rss00989_citrix_inlog
udp-2598,rss00989_citrix_inlog
udp-16500-16509,rss00989_citrix_inlog
udp-1494,rss00989_citrix_inlog
tcp-8008,rss00990_citrix_inlog
tcp-1494,rss00990_citrix_inlog
https,rss00990_citrix_inlog
tcp-2598,rss00990_citrix_inlog
udp-2598,rss00990_citrix_inlog
udp-16500-16509,rss00990_citrix_inlog
udp-1494,rss00990_citrix_inlog
tcp-8008,rss00986_citrix_inlog
tcp-1494,rss00986_citrix_inlog
https,rss00986_citrix_inlog
tcp-2598,rss00986_citrix_inlog
udp-2598,rss00986_citrix_inlog
udp-16500-16509,rss00986_citrix_inlog
udp-1494,rss00986_citrix_inlog
tcp-8008,rsslabocitrix
tcp-1494,rsslabocitrix
https,rsslabocitrix
tcp-2598,rsslabocitrix
udp-2598,rsslabocitrix
udp-16500-16509,rsslabocitrix
udp-1494,rsslabocitrix
tcp-8008,rss00987_citrix_inlog
tcp-1494,rss00987_citrix_inlog
https,rss00987_citrix_inlog
tcp-2598,rss00987_citrix_inlog
udp-2598,rss00987_citrix_inlog
udp-16500-16509,rss00987_citrix_inlog
udp-1494,rss00987_citrix_inlog
tcp-8008,rss00985_citrix_inlog
tcp-1494,rss00985_citrix_inlog
https,rss00985_citrix_inlog
tcp-2598,rss00985_citrix_inlog
udp-2598,rss00985_citrix_inlog
udp-16500-16509,rss00985_citrix_inlog
udp-1494,rss00985_citrix_inlog
tcp-8008,rss00988_citrix_inlog
tcp-1494,rss00988_citrix_inlog
https,rss00988_citrix_inlog
tcp-2598,rss00988_citrix_inlog
udp-2598,rss00988_citrix_inlog
udp-16500-16509,rss00988_citrix_inlog
udp-1494,rss00988_citrix_inlog
GRP-smb,rss00395_noyauSIH_GHT_230306_102251
GRP-smb,rss00345_developpement
GRP-smb,rss00835_rails_integration_continue
GRP-smb,rss00882_CI0138_passerelle_ssh
GRP-smb,rss00486_CI0223_ioda_rails
GRP-smb,rss00456_rails_developpement_2
GRP-smb,rss00442_noyauSIH_GHT_dev
GRP-smb,pml00882_test_server_powershell
tcp-3306,rss00220_CI0453_iservvision
http,rss00220_CI0453_iservvision
udp-4001,rss00220_CI0453_iservvision
tcp-3050,rss00049_CI0283_reco
tcp-3050,rss00587_CI0283_reco_test_2
GRP-smb,rss00346_interface_urqual7
GRP-smb,rss00347_rpu_urqual
GRP-smb,rss00218_testrpu_urqual
GRP-smb,rss00217_test_interface_urqual7
tcp-1521,rss00371_oracle_urqual_noeud1
tcp-1521,rss00372_oracle_urqual_noeud2
tcp-1521,rss00866_CI0173_genemapper_v6_us
GRP-smb,rss00866_CI0173_genemapper_v6_us
tcp-4242,eps00011_CI0372_easily_semantic_tst
tcp-4242,eps00010_CI0372_easily_tst
tcp-4242,eps00003_easily_semantic_prod
tcp-4242,eps00021_easily_web2
tcp-4242,eps00024_easily_trt2
tcp-4242,eps00001_easily_sql_prod
tcp-4242,eps00020_easily_web1
tcp-4242,eps00022_easily_interface
tcp-4242,eps00009_CI0372_easily_SQL_tst
tcp-4242,eps00023_easily_trt1
tcp-5084_5085,rss01022_CI0767_apitrak_discovery_connect
tcp-5084_5085,rss01023_CI0767_apitrak_discovery_plateform
GRP-MSSQL,rss00575_CI0019_Biztalk2020_Test
GRP-MSSQL,rss00073_biztalk2016_test
tcp-9900,rss01044_CI0510_benevision
tcp-9997,rss01044_CI0510_benevision
tcp-6589,rss01044_CI0510_benevision
tcp-6600,rss01044_CI0510_benevision
tcp-9999,rss01044_CI0510_benevision
tcp-7588,rss01044_CI0510_benevision
tcp-7600,rss01044_CI0510_benevision
tcp-6664,rss01044_CI0510_benevision
tcp-6678,rss01044_CI0510_benevision
tcp-6607,rss01044_CI0510_benevision
tcp-6588,rss01044_CI0510_benevision
tcp-6665,rss01044_CI0510_benevision
tcp-6602,rss01044_CI0510_benevision
http,rss00104_CI0377_venus_interfaces_new
tcp-445,rss00104_CI0377_venus_interfaces_new
http,rss00103_CI0377_venus_application_new
tcp-445,rss00103_CI0377_venus_application_new
http,rss00103_CI0377_venus_application
tcp-445,rss00103_CI0377_venus_application
http,rss00104_CI0377_venus_interfaces
tcp-445,rss00104_CI0377_venus_interfaces
http,rss00110_CI0377_venus_interfaces_test
tcp-445,rss00110_CI0377_venus_interfaces_test
http,rss00109_CI0377_venus_application_test
tcp-445,rss00109_CI0377_venus_application_test
any,rss00808_CI0143_vmware_nsx_manager
any,rss00045_CI0143_dell_emc_powerpath
any,rss00809_CI0143_vmware_vsphere_replication
any,rss00344_CI0143_vmware_vcsa
any,rss00847_CI0337_dmp_enovacom_suite
any,rss00415_netscaler1_lan
any,rss00416_netscaler2_lan
any,rss00381_CI0465_prysm
any,rss00900_CI0409_schneider_struxureware_dcexpert
any,rss00548_CI0425_prodige_test_pgsql
any,rss00547_CI0425_prodige_test
any,rss00293_CI0425_prodige_app-1
any,rss00288_CI0425_prodige_lb-2
any,rss00203_CI0425_prodige_pgsql
any,rss00287_CI0425_prodige_lb-1
any,rss00289_CI0425_prodige_ordonnanceur
any,rss00294_CI0425_prodige_app-2
any,rss00291_oracle_prodige_noeud1
any,rss00292_oracle_prodige_noeud2
any,rss00440_websmur
any,ave-usn_CI0410_avamar_ve_usn
any,ave-usn-proxy-1
any,ave-usn-proxy-3
any,ave-usn-proxy-2
any,ave-bc_CI0410_avamar_ve_bc
any,rss00445_CI0462_jalema
any,rss00446_CI0462_Jalema_Test
any,rss00542_CI0110_urqual_rpu_qualif
any,rss00540_CI0110_urqual_parametrage
any,rss00541_CI0110_urqual_interface_qualif
any,rss00354_CI0442_cloverleaf
any,rss00474_CI0442_pastel_admin_mipih
any,rss00501_cernerdb
any,rss00377_oracle_transition
any,rss01192_oracle_diane_noeud2
any,rss01191_oracle_diane_noeud1
any,rss00412_oracle_sim_noeud2
any,rss00411_oracle_sim_noeud1
any,rss00341_oracle_inlog_noeud1
any,rss00274_oracle_winrest_noeud1
any,rss00276_oracle_winrest_noeud2
any,rss00342_oracle_inlog_noeud2
any,rss00042_citrix_inlog
any,rss00667_citrix_inlog
any,rss00707_citrix_inlog
any,rss00407_citrix_deliverycontroller1
any,rss00029_citrix_inlog
any,rss00002_citrix_formation
any,rss00245_citrix_deliverycontroller2
any,rss00668_citrixdatacollector
any,rss00724_citrix_inlog
any,rss00003_citrix_IE11_test
any,vm-mast-cerner
any,rss00003_citrix_dream_actes_test
any,AES_5_5.3_Stanley
any,rss00379_CI0441_CanDiD
any,rss00539_nginx_reverse_proxy_ijg
any,rss00476_CI0448_itsoluscope
any,rss00257_virtusosis_ascenseur
any,rss00264_virtuosis_adminascenseur_rfidpmb
any,rsm01410-admin
any,rss00043_syslog
any,rss00561_CI0378_synapse_v7_test
any,rss00155_iperf
any,rss00876_projeQtOr
any,sexigraf
any,coredns
any,parsedmarc
any,PAN_MigrationTool31
any,mig-scality
any,acitracker
any,rss00208_citrix_wem
any,rss00487_inlog_scanbac
any,rss00800_dell_data_protection_advisor
any,rss00488_dell_openmanage_enterprise
any,majise
any,rss00801_dell_data_protection_advisor_datastore
any,rss00072_alarme_pti
any,rss00394_web_services_nlb2
any,rss00107_adveez_controle_acces
any,rss00270_pki
any,rss00435_CI0608_aq-tools
any,rss00066_visio
any,rss00389_phrc
any,rss00460_CI0208_Intranet
any,rss00522_developpement_delphi
any,rss00358_noyausih
any,rss00035_CI0361_cglide_xmld_mysql
any,rss00455_CI0163_moodle
any,rss00128_openfire
any,rss00393_web_services_nlb1
any,rss00295_storefront_lan
any,rss00226_ph7
any,rss00038_teamfoundation_biztalk_source
any,rss00036_CI0361_cglide
any,rss00141_eventlog_collector
any,rss00081_CI0393_Titan_Replic
any,rss00108_cristalnet
any,rss00296_storefront_lan
any,rss00243_CI0116_winrest
any,eps00007_CI0340_winifsi
any,rss00143_CI0116_winrest_test
any,hypervtemp
any,rss00077_CI0361_cglide_test
any,rss00396_CI0163_moodle_test
any,mssante_centos
any,rss00537_nafama_reprise
any,erspan-ws
any,acitoolkit
any,ntopng
any,imapsync-u22
any,vmwconverter
any,imapsync
any,rss00554_CI0054_hemadialyse_theradom_demo
any,rss00516_test_ecps
any,mig-isilon
any,rss00046_winm9_a_conserver
any,rss00398_inlog_liaison_prod_1
any,rss00457_scanbac
any,winmigration
any,rss00384_insight_netscaler
any,rss00061_dhcp1
any,rss00060_dhcp1
any,rss00960_bioinfo
any,rss01001_CI0004_controleur_activedirectory_admin
any,rss00259_cortex_broker
any,rss00388_CI0706_roche_vconnect
any,rss00152_CI0638_stockage_etudes_portefaix
any,passerelle_restauration
any,templace_ol85_x64_oracle_grid_19.3.0.0
any,template_windows_2019_1809_US_std_202302
any,testlabotemp
any,windows10_2019_ltsc_webex
any,rss00586_CI0746_hubmail
any,d42win2022_emilietest2
any,d42win2022_emilietest
any,zimbra10
any,elastic-2
any,D42-RC-17.02.00
any,rss00819_device42_WDS
any,majns
any,rss00888_device42
any,ora19_golden_factory
any,oracle_proxy
any,elastic-1
any,zimbra_GHSA
any,rss00867_CI0512_bpprep
any,rss00531_CI0512_bpprep_tst
any,rss00277_CI0045_exos_ers_distant
any,rss00279_CI0045_exos_ers_distant
any,rss00278_CI0045_exos_ers_distant
any,rss00198_CI0045_exos_stats
any,rss00059_CI0466_cegidd
any,eps00015_CI0378-EP_synapse_dicom
any,eps00013_CI0378-EP_synapse_oracle
any,eps00014_CI0378-EP_synapse_engine_hiis
any,rss00965_cisco-dna-spaces-connector
any,rss00828_hp_ilo_amplifier_pack
any,rss00812_xormon
any,rss00807_dell_openmanage_integration
any,rss00815_CI0493_virtuo_myla
any,rss00087_centaure15
any,rss00957_PVS_2
any,rss00937_PVS_1
any,rss00326_CI0440_medicad
any,rss00353_CI0458_media4display
any,rss00414_mplevo2_sos
any,rss00413_mplevo2_prod
any,logstash-tmp
any,logstash-olfeo
any,rss00448_CI0411_radius-2
any,rss00447_CI0411_radius-1
any,rss01076_CI0227_SQL_Prod
any,rss00268_sql_mirroir_prod_2
any,rss01075_CI0227_SQL_Prod
any,rss00303_sql1_prod
any,rss00304_sql2_prod
any,rss00267_sql_mirroir_prod_1
any,rss00532_CI0227_SQL_test
any,rss00546_oracle_urqual_test_v8
any,rss01142_oracle_inlog_noeud2
any,rss01151_oracle_diane_noeud1
any,rss01063_oracle_web100t_eds
any,rss01064_oracle_pastel_eds
any,rss01152_oracle_diane_noeud2
any,rss01141_oracle_inlog_noeud1
any,rss00905_CI0547_nextcloud
any,rss00907_CI0547_nextcloud_onlyoffice_22.04
any,rss00263_CI0715_castel_suite
any,rss00091_impression
any,rss00857_CI0471_demat_webservice
any,rss00854_CI0471_demat_gestionnaire_02
any,rss00855_CI0471_demat_application_01
any,rss00856_CI0471_demat_application_02
any,rss00853_CI0471_demat_gestionnaire_01
any,scality-remote
any,scality-supervisor
any,scality-supervisor
any,scality-connector-02
any,scality-connector-06
any,scality-connector-01
any,scality-connector-03
any,scality-connector-05
any,scality-connector-04
any,scality-connector-02
any,scality-connector-06
any,scality-connector-01
any,scality-connector-03
any,scality-connector-05
any,scality-connector-04
any,rss01102_oracle_lactarium_noeud2
any,rss00161_oracle_lactarium_noeud1
any,rss00162_oracle_lactarium_noeud2
any,rss01101_oracle_lactarium_noeud1
any,rss00132_CI0390_pixipro
any,rss00139_CI0117_wms_magasins_generaux
any,rss00564_oracle_chronos
any,rss01172_oracle_chronos_noeud2
any,rss01171_oracle_chronos_noeud1
any,rss00322_oracle_chronos_noeud2
any,rss00321_oracle_chronos_noeud1
any,rss00014_newac
any,rss00253_CI0216_newac
any,rss00404_CI0216_newac
any,rss00475_CI0251_brc-lims
any,rss00475_CI0251_brc-lims_220908_160227
any,Vilnius_easily_sql_test_ch
any,Minsk
any,Varsovie
any,rss00581_CI0632_spark_test_app
any,rss00171_CI0378_synapse_workstation
any,rss00931_CI0594_ereva
any,rss00883_CI0105_sygid
any,rss00134_CI0355_viewpoint
any,rss00570_CI0355_viewpoint_test
any,rss00927_CI0578_winget
any,rss00427_CI0175_sapanet
any,rss00408_CI0175_sapanet_formation
any,rss00872_CI0528_SRI_prod
any,rss00572_CI0528_SRI_test
any,eps00005_CI0506_stanley_aeroscout
any,eps00006_CI0506_stanley_mobileview
any,eps00008_CI0506_sql_stanley_mobileview
any,rss00311_oracle_divers
any,rss00635_oracle_oem
any,rss00634_console_oem
any,rss00466_CI0029_clovis
any,rss00027_CI0399_InsightIQ_4.4.0.50
any,rss00879_CI0558_xcelera_philips_iscv
any,rss00579_CI0558_xcelera_philips_iscv_test
any,rss00387_CI0214_sot_alcatel
any,rss00459_CI0214_alcatel_otfc_fax
any,rss00451_CI0214_softpanel_alcatel
any,rss00228_CI0214_alcatel_afficheur
any,rss00458_CI0214_vaa_alcatel
any,rss00471_CI0214_OXE_alcatel
any,rss00470_CI0124_otms_alcatel
any,rss00056_CI0214_alcatel_8770_5_0
any,rss00458n_CI0214_vaa_alcatel
any,rss00472_CI0214_OXE_alcatel
any,AVI-TS
any,AVI-FS
any,rss00135_CI0400_ql_pgsql
any,rss00395_noyauSIH_GHT_230306_102251
any,rss00345_developpement
any,rss00835_rails_integration_continue
any,rss00882_CI0138_passerelle_ssh
any,rss00486_CI0223_ioda_rails
any,rss00456_rails_developpement_2
any,rss00442_noyauSIH_GHT_dev
any,pml00882_test_server_powershell
any,rss00317_CI0490_qlikview
any,rss00333_CI0199_ibe_bd
any,rss00330_CI0199_isp_appli
any,rss00360_CI0199_externe
any,rss00331_CI0199_dac_acquisition
any,rss00332_CI0199_rdsh_rdpi
any,rss00982_CI0144_diamic_liaison_hpv
any,rss00968_CI0144_diamic_passerelle
any,rss00967_CI0144_diamic_impression2
any,rss00966_CI0144_diamic_impression1
tcp-12003,rss00124_eai_biztalk_noeud1
tcp-12001,rss00124_eai_biztalk_noeud1
tcp-12002,rss00124_eai_biztalk_noeud1
tcp-12003,rss00125_eai_biztalk_noeud2
tcp-12001,rss00125_eai_biztalk_noeud2
tcp-12002,rss00125_eai_biztalk_noeud2
tcp-1183,AES_5_5.3_Stanley
tcp-1183,rss00379_CI0441_CanDiD
tcp-1183,rss00539_nginx_reverse_proxy_ijg
tcp-1183,rss00476_CI0448_itsoluscope
tcp-1183,rss00257_virtusosis_ascenseur
tcp-1183,rss00264_virtuosis_adminascenseur_rfidpmb
tcp-1183,rsm01410-admin
tcp-1183,rss00043_syslog
tcp-1183,rss00561_CI0378_synapse_v7_test
tcp-1183,rss00155_iperf
tcp-1183,rss00876_projeQtOr
tcp-1183,sexigraf
tcp-1183,coredns
tcp-1183,parsedmarc
tcp-1183,PAN_MigrationTool31
tcp-1183,mig-scality
tcp-1183,acitracker
tcp-1183,rss00208_citrix_wem
tcp-1183,rss00487_inlog_scanbac
tcp-1183,rss00800_dell_data_protection_advisor
tcp-1183,rss00488_dell_openmanage_enterprise
tcp-1183,majise
tcp-1183,rss00801_dell_data_protection_advisor_datastore
tcp-1183,rss00491_CI0357_gwp_automates_labo
tcp-1183,rss00492_CI0357_gwp_automates_services
tcp-445,rss00815_CI0493_virtuo_myla
tcp-5432,rss00943_CI0602_arkhn_EDS_admin_2
tcp-5432,rss00940_CI0602_arkhn_EDS_1_DATA
tcp-5432,rss00941_CI0602_arkhn_EDS_2_APP
tcp-5432,rss00942_CI0602_arkhn_EDS_Pre-Prod
tcp-5432,rss00940new_CI0602_EDS_data
GRP-smb,rss00272_CI0296_ecosoft
tcp-10852,rss00272_CI0296_ecosoft
tcp-3306,rss00883_CI0105_sygid
tcp-81,rss00415_netscaler1_lan
tcp-8080,rss00415_netscaler1_lan
http,rss00415_netscaler1_lan
https,rss00415_netscaler1_lan
tcp-81,rss00416_netscaler2_lan
tcp-8080,rss00416_netscaler2_lan
http,rss00416_netscaler2_lan
https,rss00416_netscaler2_lan
tcp-81,rss01068_CI0815_braun_onlinesuiteplus
tcp-8080,rss01068_CI0815_braun_onlinesuiteplus
http,rss01068_CI0815_braun_onlinesuiteplus
https,rss01068_CI0815_braun_onlinesuiteplus
MSSQL,rss00904_CI0546_tsv
udp-1434,rss00904_CI0546_tsv
GRP-active-directory,rss00112_controleur_activedirectory_230306_102251
ntp,rss00112_controleur_activedirectory_230306_102251
dns-tls,rss00112_controleur_activedirectory_230306_102251
dns,rss00112_controleur_activedirectory_230306_102251
GRP-active-directory,rss00097_sql_easily_test_210602_135651
ntp,rss00097_sql_easily_test_210602_135651
dns-tls,rss00097_sql_easily_test_210602_135651
dns,rss00097_sql_easily_test_210602_135651
GRP-active-directory,rss00308_interface_easily_prod_210602_135651
ntp,rss00308_interface_easily_prod_210602_135651
dns-tls,rss00308_interface_easily_prod_210602_135651
dns,rss00308_interface_easily_prod_210602_135651
GRP-active-directory,rss00112_controleur_activedirectory_210602_135651
ntp,rss00112_controleur_activedirectory_210602_135651
dns-tls,rss00112_controleur_activedirectory_210602_135651
dns,rss00112_controleur_activedirectory_210602_135651
GRP-active-directory,rss00060_dhcp1_230306_102251
ntp,rss00060_dhcp1_230306_102251
dns-tls,rss00060_dhcp1_230306_102251
dns,rss00060_dhcp1_230306_102251
GRP-active-directory,rss00818_easily_cie_201130_114730
ntp,rss00818_easily_cie_201130_114730
dns-tls,rss00818_easily_cie_201130_114730
dns,rss00818_easily_cie_201130_114730
GRP-active-directory,rss00060_dhcp1_210602_135651
ntp,rss00060_dhcp1_210602_135651
dns-tls,rss00060_dhcp1_210602_135651
dns,rss00060_dhcp1_210602_135651
GRP-active-directory,rss00307_traitement_easily_prod_210602_135651
ntp,rss00307_traitement_easily_prod_210602_135651
dns-tls,rss00307_traitement_easily_prod_210602_135651
dns,rss00307_traitement_easily_prod_210602_135651
GRP-active-directory,rss00305_web1_easily_prod_201130_114730
ntp,rss00305_web1_easily_prod_201130_114730
dns-tls,rss00305_web1_easily_prod_201130_114730
dns,rss00305_web1_easily_prod_201130_114730
GRP-active-directory,rss00111_controleur_activedirectory
ntp,rss00111_controleur_activedirectory
dns-tls,rss00111_controleur_activedirectory
dns,rss00111_controleur_activedirectory
GRP-active-directory,rss00112_controleur_activedirectory
ntp,rss00112_controleur_activedirectory
dns-tls,rss00112_controleur_activedirectory
dns,rss00112_controleur_activedirectory
https,rss00816_CI0748_darah
telnet,rss00132_CI0390_pixipro
telnet,rss00139_CI0117_wms_magasins_generaux
tcp-2101,rss00126_CI0484_pilot4lab
tcp-3217,rss00126_CI0484_pilot4lab
tcp-2105,rss00126_CI0484_pilot4lab
tcp-13256,rss00126_CI0484_pilot4lab
tcp-3256,rss00126_CI0484_pilot4lab
tcp-7012,rss00126_CI0484_pilot4lab
tcp-8000,rss00126_CI0484_pilot4lab
tcp-2107,rss00126_CI0484_pilot4lab
tcp-8888,rss00126_CI0484_pilot4lab
tcp-2101,rss00558_CI0484_Pilot4lab_test
tcp-3217,rss00558_CI0484_Pilot4lab_test
tcp-2105,rss00558_CI0484_Pilot4lab_test
tcp-13256,rss00558_CI0484_Pilot4lab_test
tcp-3256,rss00558_CI0484_Pilot4lab_test
tcp-7012,rss00558_CI0484_Pilot4lab_test
tcp-8000,rss00558_CI0484_Pilot4lab_test
tcp-2107,rss00558_CI0484_Pilot4lab_test
tcp-8888,rss00558_CI0484_Pilot4lab_test
tcp-8000-,rss00123_CI0426_diane
tcp-7001,rss01041_CI0779_poccelerator_application
tcp-5445,rss01041_CI0779_poccelerator_application
https,rss01041_CI0779_poccelerator_application
ssh,rss00421_xframe_xcics
tcp-30586,rss00421_xframe_xcics
tcp-40039,rss00421_xframe_xcics
tcp-30587,rss00421_xframe_xcics
tcp-30585,rss00421_xframe_xcics
ssh,rss00422_xframe_xcics_test
tcp-30586,rss00422_xframe_xcics_test
tcp-40039,rss00422_xframe_xcics_test
tcp-30587,rss00422_xframe_xcics_test
tcp-30585,rss00422_xframe_xcics_test
GRP-smb,rss00904_CI0546_tsv
tcp-8005,eps00031_CI0675_xplore_app
tcp-8001,eps00031_CI0675_xplore_app
https,eps00031_CI0675_xplore_app
https,rss00817_infocentre_FDW
http,rss00817_infocentre_FDW
https,rss00969_CI0649_PowerBI
http,rss00969_CI0649_PowerBI
https,rss00544_CI0649_PowerBI_test
http,rss00544_CI0649_PowerBI_test
tcp-1521,eps00030_CI0675_xplore_bdd
tcp-2242,rss00479_CI0544_wallix_bastion1
tcp-2242,rss00480_CI0544_wallix_bastion2
Oracle-1521,rss00241_oracle_diamic_noeud1
Oracle-1521,rss00242_oracle_diamic_noeud2
tcp-44304,rss00934_CI0597_myHRA_appli
tcp-8090,rss00934_CI0597_myHRA_appli
tcp-44301,rss00934_CI0597_myHRA_appli
tcp-3000,rss00934_CI0597_myHRA_appli
https,rss00934_CI0597_myHRA_appli
tcp-44302,rss00934_CI0597_myHRA_appli
tcp-44303,rss00934_CI0597_myHRA_appli
http-alt,rss00934_CI0597_myHRA_appli
tcp-44304,rss00933_CI0597_myHRA_bddd
tcp-8090,rss00933_CI0597_myHRA_bddd
tcp-44301,rss00933_CI0597_myHRA_bddd
tcp-3000,rss00933_CI0597_myHRA_bddd
https,rss00933_CI0597_myHRA_bddd
tcp-44302,rss00933_CI0597_myHRA_bddd
tcp-44303,rss00933_CI0597_myHRA_bddd
http-alt,rss00933_CI0597_myHRA_bddd
tcp-44304,rss00569_CI0597_myhra_test
tcp-8090,rss00569_CI0597_myhra_test
tcp-44301,rss00569_CI0597_myhra_test
tcp-3000,rss00569_CI0597_myhra_test
https,rss00569_CI0597_myhra_test
tcp-44302,rss00569_CI0597_myhra_test
tcp-44303,rss00569_CI0597_myhra_test
http-alt,rss00569_CI0597_myhra_test
tcp-10001,rss00959_CI0697_steelco
udp-0,rss00959_CI0697_steelco
udp-10000,rss00959_CI0697_steelco
GRP-MSSQL,rss00932_CI0383_SCCM
tcp-3389,rss00932_CI0383_SCCM
tcp-2701,rss00932_CI0383_SCCM
tcp-2702,rss00932_CI0383_SCCM
tcp-139,rss00932_CI0383_SCCM
GRP-rpc-aleatoire,rss00932_CI0383_SCCM
tcp-135,rss00932_CI0383_SCCM
tcp-8531,rss00932_CI0383_SCCM
https,rss00932_CI0383_SCCM
tcp-10123,rss00932_CI0383_SCCM
tcp-8530,rss00932_CI0383_SCCM
http,rss00932_CI0383_SCCM
udp-4011,rss00932_CI0383_SCCM
udp-69,rss00932_CI0383_SCCM
udp-67,rss00932_CI0383_SCCM
udp-68,rss00932_CI0383_SCCM
wol,rss00932_CI0383_SCCM
GRP-smb,rss00932_CI0383_SCCM
GRP-MSSQL,rss00106_CI0383_SCCM
tcp-3389,rss00106_CI0383_SCCM
tcp-2701,rss00106_CI0383_SCCM
tcp-2702,rss00106_CI0383_SCCM
tcp-139,rss00106_CI0383_SCCM
GRP-rpc-aleatoire,rss00106_CI0383_SCCM
tcp-135,rss00106_CI0383_SCCM
tcp-8531,rss00106_CI0383_SCCM
https,rss00106_CI0383_SCCM
tcp-10123,rss00106_CI0383_SCCM
tcp-8530,rss00106_CI0383_SCCM
http,rss00106_CI0383_SCCM
udp-4011,rss00106_CI0383_SCCM
udp-69,rss00106_CI0383_SCCM
udp-67,rss00106_CI0383_SCCM
udp-68,rss00106_CI0383_SCCM
wol,rss00106_CI0383_SCCM
GRP-smb,rss00106_CI0383_SCCM
tcp-26,rss00934_CI0597_myHRA_appli
tcp-26,rss00933_CI0597_myHRA_bddd
tcp-26,rss00569_CI0597_myhra_test
MSSQL,rss00310_CI0404_apx_prod
GRP-smb,rss00310_CI0404_apx_prod
MSSQL,rss00314_CI0404_apx_test
GRP-smb,rss00314_CI0404_apx_test
https,rss00950_CI0624_growthxp
tcp-10000,rss00030_CI0405_proofpoint_hft
tcp-10000,rss00939_proofpoint-zimbra_ldap_proxy
tcp-3011,rss00415_netscaler1_lan
tcp-3011,rss00416_netscaler2_lan
MSSQL,rss00859_CI0185_labo_hla
tcp-5010,rss00859_CI0185_labo_hla
GRP-smb,rss00859_CI0185_labo_hla
any,rss00932_CI0383_SCCM
any,rss00106_CI0383_SCCM
tcp-3050,rss00946_CI0606_scanlab
tcp-3389,rss00946_CI0606_scanlab
tcp-3051,rss00946_CI0606_scanlab
ftp-data-rev,rss00946_CI0606_scanlab
ftp,rss00946_CI0606_scanlab
GRP-smb,rss00527_semantic_easily_ghsa_tst
GRP-smb,rss00525_CI0372_sql_easily_ghsa_tst
GRP-smb,rss00526_CI0372_easily_ghsa_tst
GRP-smb,rss00917_script_reprise_donnees
GRP-smb,rss00308_interface_easily_prod
GRP-smb,rss00065_easily_bi
GRP-smb,rss00305_web1_easily_prod
GRP-smb,rss00306_web2_easily_prod
GRP-smb,rss00312_web3_easily_prod
GRP-smb,rss00818_easily_cie
GRP-smb,rss00301_traitement2_easily_prod
GRP-smb,rss00309_semantic_easily_prod
GRP-smb,rss00307_traitement_easily_prod
GRP-smb,rss00099_semantic_easily_test
GRP-smb,rss00598_easily_test_bi
GRP-smb,rss00079_easily_for
GRP-smb,rss00080_semantic_easily_for
GRP-smb,rss00097_sql_easily_test
GRP-smb,rss00078_sql_easily_for
GRP-smb,rss00098_easily_test
